Sample ID,CE (14:0),CE (14:1),CE (15:0),CE (16:0),CE (16:1),CE (17:0),CE (18:0),CE (18:1),CE (18:2),CE (18:3),CE (18:4),CE (20:0),CE (20:1),CE (20:2),CE (20:3),CE (20:4),CE (20:5),CE (22:0),CE (22:1),CE (22:2),CE (22:4),CE (22:5),CE (22:6),CE (24:0),CE (24:1),Cer d18:0 (16:0),Cer d18:0 (18:1),Cer d18:0 (22:0),Cer d18:0 (24:0),Cer d18:1 (16:0),Cer d18:1 (18:0),Cer d18:1 (20:0),Cer d18:1 (22:0),Cer d18:1 (24:0),Cer d18:1 (24:1),Cer d18:1 (26:0),DG (12:0),DG (14:0),DG (15:0),DG (16:0),DG (16:1),DG (18:0),DG (18:1),DG (18:2),DG (18:3),DG (20:0),DG (20:1),DG (20:2),DG (20:3),DG (20:4),DG (20:5),DG (22:0),DG (22:1),DG (22:2),DG (22:5),DG (22:6),FA (12:0),FA (14:0),FA (14:1),FA (15:0),FA (16:0),FA (16:1),FA (17:0),FA (18:0),FA (18:1),FA (18:2),FA (18:3),FA (18:4),FA (20:0),FA (20:1),FA (20:2),FA (20:3),FA (20:4),FA (20:5),FA (22:0),FA (22:1),FA (22:2),FA (22:4),FA (22:5),FA (22:6),FA (24:0),FA (24:1),HexCER d18:1 (16:0),HexCER d18:1 (18:0),HexCER d18:1 (20:0),HexCER d18:1 (22:0),HexCER d18:1 (22:1),HexCER d18:1 (24:0),HexCER d18:1 (24:1),LPC (14:0),LPC (14:1),LPC (15:0),LPC (16:0),LPC (16:1),LPC (17:0),LPC (18:0),LPC (18:1),LPC (18:2),LPC (18:3),LPC (18:4),LPC (19:0),LPC (20:0),LPC (20:1),LPC (20:2),LPC (20:3),LPC (20:4),LPC (20:5),LPC (22:0),LPC (22:1),LPC (22:2),LPC (22:4),LPC (22:5),LPC (22:6),LPC (24:0),LPC (24:1),LPE (16:0),LPE (16:1),LPE (17:0),LPE (18:0),LPE (18:1),LPE (18:2),LPE (18:3),LPE (18:4),LPE (19:0),LPE (20:0),LPE (20:1),LPE (20:2),LPE (20:3),LPE (20:4),LPE (20:5),LPE (22:0),LPE (22:1),LPE (22:2),LPE (22:4),LPE (22:5),LPE (22:6),LPE (24:1),LPG (18:4),LPG (20:0),LPG (20:4),LPG (20:5),LPI (18:0),LPI (18:4),LPI (20:0),LPI (20:4),LPI (20:5),LPS (18:0),LPS (18:4),LPS (20:0),LPS (20:1),LPS (20:4),LPS (22:1),LPS (22:2),LPS (22:5),LPS (22:6),LPS (24:0),LPS (24:1),LacCER d18:1 (16:0),LacCER d18:1 (18:0),LacCER d18:1 (24:1),PA (25:0),PA (32:1),PA (34:0),PA (34:1),PA (34:2),PA (34:3),PA (34:4),PA (34:5),PA (36:0),PA (36:1),PA (36:2),PA (36:3),PA (36:4),PA (36:5),PA (38:1),PA (38:2),PA (38:3),PA (38:4),PA (38:5),PA (38:6),PA (38:7),PA (40:3),PA (40:5),PA (40:6),PC (12:0),PC (14:0),PC (14:1),PC (15:0),PC (16:0),PC (16:1),PC (17:0),PC (18:0),PC (18:1),PC (18:2),PC (18:3),PC (18:4),PC (20:0),PC (20:1),PC (20:2),PC (20:3),PC (20:4),PC (20:5),PC (22:1),PC (22:2),PC (22:4),PC (22:5),PC (22:6),PE (14:0),PE (14:1),PE (15:0),PE (16:0),PE (16:1),PE (17:0),PE (18:0),PE (18:1),PE (18:2),PE (18:3),PE (18:4),PE (20:0),PE (20:1),PE (20:2),PE (20:3),PE (20:4),PE (20:5),PE (22:0),PE (22:1),PE (22:2),PE (22:4),PE (22:5),PE (22:6),PG (14:0),PG (15:0),PG (16:0),PG (16:1),PG (17:0),PG (18:0),PG (18:1),PG (18:2),PG (18:3),PG (20:0),PG (20:1),PG (20:2),PG (20:3),PG (20:4),PG (20:5),PG (22:0),PG (22:1),PG (22:2),PG (22:4),PG (22:5),PG (22:6),PI (14:0),PI (15:0),PI (16:0),PI (16:1),PI (17:0),PI (18:0),PI (18:1),PI (18:2),PI (18:3),PI (20:0),PI (20:1),PI (20:2),PI (20:3),PI (20:4),PI (20:5),PI (22:0),PI (22:1),PI (22:2),PI (22:4),PI (22:5),PI (22:6),PS (14:0),PS (15:0),PS (16:0),PS (16:1),PS (17:0),PS (18:0),PS (18:1),PS (18:2),PS (18:3),PS (20:0),PS (20:1),PS (20:2),PS (20:3),PS (20:4),PS (20:5),PS (22:0),PS (22:1),PS (22:2),PS (22:4),PS (22:5),PS (22:6),SM (14:0),SM (16:0),SM (18:0),SM (18:1),SM (20:0),SM (20:1),SM (22:0),SM (22:1),SM (24:0),SM (24:1),SM (26:0),SM (26:1),TG (12:0),TG (14:0),TG (14:1),TG (15:0),TG (16:0),TG (16:1),TG (17:0),TG (18:0),TG (18:1),TG (18:2),TG (18:3),TG (20:0),TG (20:1),TG (20:2),TG (20:3),TG (20:4),TG (20:5),TG (22:1),TG (22:4),TG (22:5),TG (22:6)
prepared_blank,,,,,0.018177791,0.884471645,,0.015371276,0.023569289,,,,0.01039391,,,,,,,,,,,,,,,,,,,,,,,,0.038155576,,,0.235443708,,0.195348018,,0.038155576,,,,,,,,,,,,,1.341381851,1.410908797,1.279935518,1.189196962,13.85656879,1.712248344,4.28255684,7.336692073,3.093864916,1.108559173,0.628772743,0.52961688,0.487025313,1.098795098,0.570693333,1.545754035,0.987181623,0.803852703,0.387196066,1.041725765,0.429282595,0.337870654,0.826242736,0.401000448,0.242250061,0.671869348,,,,,,,,,,,0.020291154,,,,,,0.030315226,2.071208043,,,,,0.019589619,1.09775096,0.190312229,,0.010551221,,,0.019772699,,,,,,,,,,,2.321699951,,,,,,1.21847505,0.193477751,,,,,,,,2.250766346,,1.033573201,,,1.719390536,,,,,2.742503592,,,,,,,,,,,,,0.240335174,,,,,0.074745389,2.236010924,0.433000561,0.082429006,,,,,,,,,,,,,,,,,,,,1.586110886,1.641348351,3.246458671,0.317540598,1.551412635,,,,1.50786421,0.277907711,,0.429238762,,,0.492641556,0.650504596,,,,,,,,,2.493394266,,,,,,0.559748517,0.278037482,,,,,,1.149443871,0.506164395,,,,3.932994933,,7.649123639,,31.69035139,0.731336235,,4.607696356,,1.49882217,0.481069082,0.788514538,2.612157215,1.158434939,,0.547949553,2.235634176,1.056759852,0.500982448,2.987107849,0.901768407,,1.118856826,,,4.944315082,0.786947145,,,,1.581656695,0.728059944,,,,,1.118856826,1.170424527,0.67722677,,,,,,,,3.267162118,,,,,1.628076948,,,,,,,0.991462924,0.647622247,,,,,,,,,,,,,,,,0.021689396,0.052972697,0.028965838,,28.8462283,0.19456873,0.020989738,0.351990126,30.92076477,0.201093961,,,,,,,,,,,0.018470969
235,27.53159796,2.21000083,5.129708111,100.4522802,99.71714557,19.39401269,23.43477249,65.86394341,10.47003605,11.46082259,16.60735427,12.26159695,92.36170713,41.5568448,9.579821198,12.33489386,59.13616633,7.647846017,14.93930626,59.78301224,2.631305276,7.108178836,44.79309954,3.939507583,3.708338434,,,,,39.66957367,1.308557775,,1.737425225,1.887534757,,,3.498351249,4.205392528,,45.46214152,9.375518157,4.570616364,18.29104051,,1.479894281,4.07451871,3.331110481,,0.854279251,1.230162121,8.581386998,2.073000747,,,1.409292231,13.7871119,1.786134984,2.662426004,1.111720835,2.986771117,25.01651487,3.144469948,8.600178433,15.41701796,7.264771313,5.190640238,1.625640074,0.941719259,1.640179683,4.54083158,1.628995369,1.490309872,1.524981246,3.444768785,6.125648908,0.997081614,1.58705419,0.67161807,1.754818904,2.52989188,9.795781625,2.883875426,2.463292674,,,,0.549511879,,,0.314343001,,0.314343001,4.774084333,0.6946419,0.178615611,0.426562283,0.495893342,0.153381827,0.306701806,2.453614452,,0.210839648,0.272130243,0.148387757,0.154839399,1.383941643,1.04806918,2.152525708,0.28929161,0.197355717,0.149821455,0.916907306,1.223360283,1.724717353,0.420453484,0.979199077,,,1.756273978,1.720186157,,,2.345708396,,,4.619697651,2.426172148,,2.027349329,5.073912528,,5.694303579,7.987534787,1.5743006,8.042926846,8.34204396,,2.498002887,,,,,,,,,2.602817501,,,3.757925077,,5.065029452,2.965190479,,,,,,,,,,,1.678065948,,,2.321534846,,,,,,,,,,,,,1.885826494,,,,,102.2486901,177.0548022,38.65762567,87.00189828,2148.275712,233.1002512,162.0860051,311.82039,434.1525952,121.9469999,145.648008,221.5167583,45.00900397,43.66627685,83.09055073,86.56634175,233.7674094,521.0627305,3.722921651,33.79582957,49.42996475,232.4930269,872.259514,1.44187713,,0.875287132,207.2089141,43.69834506,37.73236554,1747.246798,121.8312862,24.70809187,29.18233748,25.58364382,0.74664569,99.3030183,90.92979539,22.67950195,102.8148464,581.658651,,6.359774541,188.8514738,61.47441189,222.8818392,511.4452595,2.446867559,0.188999193,20.44581068,2.118465364,14.51348356,4.684053338,18.21823389,5.71517549,0.163697808,3.642346433,2.048538367,1.261755527,1.520951605,1.738877352,4.150037428,,1.126832352,,0.341360561,1.780310993,3.403599733,3.503261398,63.77098571,147.9176177,15.43492508,23.86165763,460.989651,94.68449496,15.65626801,6.68565337,38.50358161,6.595275468,12.43244461,19.73700286,254.7729044,394.8258711,3.846978502,3.252726289,1.574178936,15.09226871,36.45156223,19.12340197,4.84760551,1.064568253,14.14135378,1.230017435,15.00651852,134.5335194,7.24816428,,,19.58870805,13.0473434,3.330569138,2.363337575,4.963898803,17.19875504,,0.868519054,0.83412226,3.462641113,16.22667345,59.93576215,,,0.949755828,0.317006267,3.869272319,4.120884734,9.717506481,8.004474057,8.103519023,6.979081427,4.432878985,5.526682865,7.039860143,3148.981289,62.00724404,301.8832949,13850.88312,8211.8956,485.4511634,1864.580552,6600.392789,1231.883566,1243.898276,99.86063011,1180.446301,960.2156786,407.2397081,1038.129476,3393.802173,4.47213,68.69365918,494.2284446,3496.327206
488,27.93731081,1.348163147,3.382204295,108.6933189,68.73065961,22.27566645,34.06619702,84.82287274,17.29414216,15.96686736,15.94412253,14.74896652,144.7650221,57.05539426,12.17985395,14.4770813,54.63307036,8.614440625,23.06973304,91.42989027,4.299315618,10.57609423,61.33468094,6.167156356,5.710329959,,,,,45.1454494,1.224893584,,0.932911305,1.119148566,,,9.807916774,4.417980529,,66.10815387,9.239073854,7.457843861,32.45499039,,1.581712966,8.190403092,5.046801164,1.400945769,,2.075056771,8.067246614,3.70222766,1.90282092,,,12.64774994,2.014164029,3.245542794,1.155110937,2.69710777,27.82181066,3.95414026,8.389461186,17.19423537,8.987816971,6.303882736,2.418383522,1.122523774,2.797642635,8.728506353,3.160261495,3.893819341,1.968403331,7.386885907,4.851327266,1.838054678,3.020899371,0.874306657,2.100832016,7.553981787,10.26703647,3.237916011,3.098832744,,,,0.636942527,,,0.233499562,,0.409884123,4.868213882,0.655142655,0.237604221,0.548317432,1.002202418,0.204095933,0.353360123,2.627354363,,0.222736413,0.377060927,0.326149747,0.306471906,1.32687263,1.893259508,3.129446599,0.321376824,0.216372515,0.149049178,0.940265857,2.889209468,1.996672843,0.550477134,2.801654223,,,2.713488653,2.855473524,,,2.175440719,,,4.597540828,5.007442058,,1.816859508,5.08499094,,3.966071365,10.45802058,2.273989756,8.530376957,12.15301756,,,,,,,,,,,,,,,,,,,,,,,,,,,,,,,,,,,,,,,,,,,,,,,,,105.7138668,241.4846628,58.34883809,81.77981663,3274.967707,251.3339597,195.8760537,310.2300691,753.8653914,193.7684198,200.4286527,282.1622604,58.51003948,64.40423729,127.066873,116.410976,225.0753789,611.9575371,5.02208927,36.97018664,66.06090427,356.8021742,1487.020895,3.378898003,,2.011301597,344.6034564,62.35242696,56.89678334,2031.430029,203.2292762,51.69443651,51.94114753,27.15285816,0.777506293,132.3867149,227.5924698,37.62226714,108.1005371,591.7334422,,6.5015279,172.6317923,80.98841233,277.6962312,646.9001206,2.406635011,,29.73642056,2.638605166,13.2257125,3.348113819,27.83237124,6.267914126,0.418887397,4.408824844,2.752053923,1.834821169,1.652090698,1.584535449,2.910753843,,0.824745381,,0.302745112,2.041787661,3.39939512,7.007566097,79.90437333,300.0595402,21.95693915,39.17211813,446.4876217,113.2318796,30.59343946,9.417594144,50.86579332,11.18391328,23.10453738,36.383883,384.6219867,380.1569448,6.146545271,3.907000233,1.406340033,20.07269439,40.70188427,20.88707468,4.334405615,1.621188366,42.37020466,4.046199164,29.57396693,167.4494464,25.61311532,0.828020939,,27.52730639,25.41672038,17.8467032,3.793654929,6.311003325,19.81881281,,1.480737543,1.743072934,5.473676523,20.92861774,89.10319379,,,0.882964454,0.407400116,6.79119323,6.057328373,15.46479328,11.70206986,10.69742004,9.826334038,6.317793197,7.350997983,15.30668551,5387.159828,157.4919799,336.1697136,22546.16608,9295.775732,702.380602,2451.955208,10542.08593,2504.337163,1892.731017,136.941425,2110.840906,1928.837719,735.396527,1337.708709,3723.486542,6.613542215,125.5078435,899.6908389,5813.702163
329,12.68976618,,2.938682694,46.6582552,37.60216412,14.35958173,16.22426532,46.8853769,11.08352588,14.06898985,13.3333213,10.11343092,65.469952,30.10871225,8.758214674,13.23666411,56.70554687,6.14902711,9.548178743,52.00116348,4.155600537,11.12414444,62.58416092,3.567199578,2.635297333,,,,,29.30832791,0.773462896,,0.680489542,0.733111215,,,4.308194223,4.687713396,,36.36864233,7.001209329,3.529989506,15.53897166,1.041367878,1.075534002,6.970239749,2.30188497,1.493850528,0.613083165,2.17996417,6.014665264,2.444711226,1.426874256,0.885997363,1.386778482,14.2009356,1.635995047,3.006875988,0.924525192,2.303118543,25.06436961,3.431540583,7.749044306,13.12170217,6.518914854,2.831900678,1.753609305,0.821371703,1.439328583,4.431743801,2.237563055,1.363650556,1.287008478,4.205191747,2.350839082,1.090342014,2.15610072,0.67772806,1.348707761,4.047087335,5.390010788,1.507776225,2.58480456,,,,0.337631548,,,0.275418294,,0.416688885,6.436715482,0.625626901,0.341305007,0.445045131,0.681572613,0.207480247,0.404586482,2.425444092,0.128696456,0.236091429,0.352029185,0.287736429,0.265837076,1.479787352,1.687421332,2.902659805,0.379432654,0.31303194,0.239641676,1.272153371,2.34299664,1.883461537,0.503802246,2.257600844,1.411377498,,2.251449161,3.515420619,0.822898085,1.086225472,2.843935782,,,6.844660461,6.689642018,0.995695381,2.396823611,8.740655257,,4.847307452,13.67739643,2.593577788,10.43393363,15.68667393,0.496853982,,,,,,,,,1.374919273,,,,13.35768944,,7.968750354,11.49449242,,,,,,,,,,,,,,2.625713076,,,,,,,,,,,,,1.732145799,,,,,56.96345756,145.7272736,43.30150741,60.56050925,1742.638104,118.0973345,151.3114947,190.3882544,285.1351945,84.00968192,97.33652379,136.9939642,33.76724482,25.21154282,57.709093,59.3076072,173.4602558,378.2852861,1.656162964,17.83944105,45.68823965,210.5440244,864.3644829,0.954488291,,0.464911926,151.4251575,27.00670984,36.28943129,1203.682105,94.04345128,23.65632889,20.54049615,14.70890062,0.948183623,69.97222205,105.2743674,15.98327333,63.74449717,381.086595,0.147904813,4.071092811,115.0202049,42.61782545,157.4387251,376.879058,2.706196981,0.170570529,21.54253705,1.630323798,15.01032304,4.084907992,18.29179061,4.497719785,0.192388034,3.658432021,1.767286442,1.379734529,2.305435623,1.291226673,3.261776506,,0.972603629,,0.20278342,2.064764836,3.266689227,2.191054983,49.64669607,113.0423819,9.447904558,24.41063371,334.8866423,63.23339222,14.98037773,6.179294409,28.05231605,6.2597725,13.30255426,17.85927762,213.8660224,251.3826986,3.238592266,2.17520557,1.865874409,12.39876824,28.09592683,14.60222583,4.955775644,0.393956696,96.11853272,3.187692415,18.41105639,100.6865586,33.23884418,2.173672534,1.325968962,19.74407605,28.93227647,29.46804166,4.178449045,5.491858851,23.37834961,,1.284999492,1.112261855,9.99811561,25.6841435,56.96015706,,,0.386167592,0.204441666,2.39794685,2.560539931,5.884276975,5.044419383,4.562764842,4.973565265,3.025673962,3.783608321,4.042335053,2419.879928,32.21017675,192.2485817,9516.51385,4524.122377,393.3201929,1167.092319,5054.899594,1391.812509,1222.134214,64.17001535,761.5731912,827.1840418,357.3271284,843.9066309,2574.722426,4.105545845,58.87953554,450.1970231,3063.471526
306,23.20184466,3.060985461,4.708390831,105.565702,130.6495368,24.19385156,25.95299448,76.88574615,10.75551983,13.24385448,16.27047043,15.7090481,125.8470684,46.07396247,10.41965553,16.67530441,63.89629648,9.158412476,18.01736732,95.92831949,4.4132462,10.70701356,65.79650061,4.928573471,3.281556514,,,,,51.90943455,1.129410971,,1.779712841,1.715540255,,,7.456569359,1.379507914,,36.31776487,5.627359418,4.040855227,11.57398596,,,7.538278569,1.749225782,,,,4.283386624,2.657477631,1.997313093,,1.700569215,13.6695668,1.748678868,2.542626911,1.034457826,2.733307319,22.10829712,2.676834028,7.385377774,13.39480041,5.725727389,4.98891703,1.708150977,0.925497593,1.58988926,4.493280846,1.461661668,1.461661668,1.336091643,2.904055978,4.396279663,0.917524893,1.46631241,0.698940034,1.853652752,2.165916836,9.247003226,1.963277377,4.134910219,,,,0.584852931,,,0.254102795,,0.324354744,4.493135297,0.802665886,0.181955171,0.398953561,0.799254937,0.164733077,0.24828191,2.254896307,,0.24990132,0.355406995,0.252858732,0.146720499,1.247436409,1.431461375,2.594611541,0.418621678,0.220549005,,0.61388481,1.309246322,1.826201951,0.641980224,2.772867135,3.98903693,1.003132682,2.511220667,5.267124374,1.230569672,1.531810717,3.348294223,,,8.235632901,4.601913885,0.937368652,1.876624623,9.544488928,,3.161574604,14.23007397,2.689430192,9.795502412,18.07894741,,,,,,,,,,,,,,23.42385993,,7.476546123,22.13932567,3.526172462,6.724914624,,,,,,,,,1.608155888,,,3.085920758,,,,,,,,,,,,,2.042792615,,,,,97.42410681,215.4153557,35.45316064,81.94770827,2345.328707,294.3540325,146.1168076,290.5168161,601.2329348,124.146258,142.8295716,216.1280496,33.15165813,54.14035232,100.2390582,86.84789344,233.7846926,561.8960632,3.764014682,44.75196577,50.48840202,243.971993,881.3492302,2.730216766,,0.566278305,292.0518849,66.93716519,36.15725515,1560.246244,157.6129508,29.64381591,35.22907639,23.89548984,0.716078378,114.5931471,117.7877389,21.3981239,92.01786694,461.1961531,,7.260140635,197.7119927,61.28008579,206.7554042,471.2659937,2.727502693,0.286845256,26.36208976,3.342151281,14.40082589,3.434730411,22.84985369,7.657466312,0.709701714,4.342170623,2.67121634,1.491542711,1.892455632,1.51869524,3.929033238,,1.035726758,,0.327400442,2.437638679,3.32437372,3.611654419,45.17202221,140.8701978,13.57092643,23.60680377,387.148563,71.03540565,15.94923022,8.563955067,51.36992663,8.546815498,20.1746384,21.78678726,237.0604217,298.6702972,3.696080864,3.046784898,1.662365386,12.23296322,28.22356976,20.7345652,15.39873552,0.876961323,198.6414219,8.666753951,18.99950913,138.8336915,65.65516514,4.797650798,5.371485019,22.05744607,52.90537689,51.99516572,6.700605121,14.00867774,44.60552766,,1.14892333,1.580198282,20.41924938,49.60658262,84.71418616,,,1.044367926,0.354798967,5.28403099,3.610305861,13.79215924,8.199378829,11.15620003,9.010856749,5.508594213,6.20780184,10.99411266,4679.564177,227.9807183,325.7363858,16717.11141,11461.82136,473.1870221,1916.808839,8054.28506,1337.574894,1247.483666,132.1316996,1842.076314,1240.073095,419.7069327,1065.387585,3433.59268,5.936959253,92.08268291,656.2722667,4667.757982
500,21.35574685,,3.820947139,82.02425128,65.16105544,17.13281089,19.66914037,52.79540748,13.44370986,17.03873,21.79729423,10.77375151,75.51017873,37.31196795,11.4139755,14.95548759,65.62213581,8.06354254,13.39004235,54.4493916,2.98720381,9.936477343,54.95918387,4.279983478,3.957978451,,,,,49.50270145,1.236179701,,1.515768888,2.071809384,,,5.692771577,3.038971792,,45.61611135,6.171293434,3.128283587,18.03957987,,0.86163668,5.876176643,2.95263676,,1.083994533,1.474583656,7.051747543,2.307508045,1.853628835,,1.660848663,9.61597481,1.892309306,2.179363566,0.896217794,2.560338806,22.9160575,2.244843685,5.88262809,15.27671025,4.489025955,2.992243027,1.656184027,0.884312318,2.084119756,3.26606898,1.333413338,0.949131022,1.268594634,4.741025202,4.105405054,0.803619646,1.121099012,0.543683415,1.414767426,2.260056238,8.970114926,1.984246039,2.977446643,,,,0.647271009,,,0.21301019,,,3.103440124,0.297404578,0.172995649,0.252016543,0.394518044,0.098226343,0.172224036,2.331482887,0.106344862,0.209366446,0.230967746,,0.162840569,1.34742263,1.076741724,3.544274842,0.257221634,,,0.542857286,1.414718988,2.669422191,0.584730575,,,,,,,,3.131430012,,,3.191457162,2.498181823,,1.637564162,3.896685523,,2.557946939,5.211518062,1.283377215,4.924645508,5.713545031,,2.71485642,,,,,,,,,,,,3.238016722,,4.146240925,,,,,,,,,,,,1.43319243,,,1.99400686,,,,,,,,,,,,,2.565206741,,,,,112.1156019,222.9985271,52.23293703,77.00281255,2775.690336,191.2481046,201.2904561,313.5467929,514.3513985,122.9623699,160.1303554,303.6273541,44.57330036,40.08209668,90.69614978,104.9902489,277.6515963,689.8847323,2.717998758,27.41719189,55.60770835,288.9450979,1195.15809,2.089928542,,0.624947502,274.2291536,54.35953004,53.5370609,1881.412566,144.9037619,36.19857946,38.54088026,31.67055973,0.794424227,100.0246083,157.023591,28.42529864,104.3845254,630.6826196,,6.714892805,162.0955642,66.32511212,241.2902561,585.1126816,2.299886038,0.239059869,27.00433719,2.197585119,13.0975359,4.532522698,23.02756553,4.523354822,0.299166945,4.003242671,1.866320834,1.167815317,1.853284932,1.390316639,3.94856287,,0.912055188,,0.264283469,2.097404823,3.474806792,5.183638192,69.53199671,224.2862919,18.32804463,34.4151641,560.1193803,134.6601734,23.30761056,8.819122875,49.11447665,9.434889666,14.97721395,26.39737068,329.7315792,529.7079965,4.688770674,2.535463766,2.228319409,19.07050117,41.13211792,20.01013181,4.672819939,0.935513775,23.25053005,1.816416204,27.08694944,143.0674111,12.52404883,,,25.20551273,14.15430036,9.105290501,2.528931316,4.691722734,19.79667992,,1.460480551,2.017395313,4.387543188,21.5230926,78.2572078,,,0.68044953,0.40139649,4.171600699,4.215181985,9.381668894,8.567224364,6.755187067,7.358628095,4.662001,5.238203371,13.11108547,4343.456794,66.03299954,334.5931653,18752.75295,8043.274462,674.1372681,2129.673003,7860.267451,1875.195732,1675.794934,121.9488661,1405.994471,1338.915932,641.1617699,1307.867507,4132.679684,6.235652704,93.43228669,652.0681827,4557.404511
360,,,,199.5692357,183.7024835,44.11566085,52.18470829,151.0800394,34.37033538,40.81457123,50.40456839,32.36474372,232.0587518,100.8662201,27.88520006,46.35165292,213.6343117,17.10651704,36.88715627,209.5230336,12.77740529,33.87498148,164.9209746,11.41526839,6.226510032,,,,,95.23480768,4.24096481,1.026549814,7.262223692,6.266898356,,,14.15341481,,,53.27618755,,4.606362354,11.40706807,,,5.948725645,5.948725645,,,2.029205782,5.451998476,,,,,13.74234343,2.366461929,3.641416224,0.935577972,3.093696907,28.74347114,3.201144238,6.923801126,20.71505905,7.724414769,5.91091349,2.870940247,1.234333963,3.262729902,8.843439402,2.793630583,1.252678629,2.393978928,8.051998092,9.421296385,1.535710621,3.108110574,1.1255763,2.203980601,7.426969111,17.69343047,4.701475859,5.49537017,,,,,,,0.492782309,,0.667941898,8.767321278,0.950532701,0.531986077,1.289534249,1.068228042,,0.521346355,2.538637557,,0.469655942,0.4718713,0.274704419,,1.508991249,2.289794253,2.948531018,0.352241956,,0.29931951,1.018621708,2.851719864,1.875189962,0.500892493,4.191633421,2.206122853,,5.644275038,3.025897556,,,3.140588834,,,4.085755404,3.678378032,,2.312465669,8.039712247,,1.869143235,7.033250505,1.485729238,7.716206687,14.55775019,,,,,,,,,,,,,,,,,,,,,,,,,,,,4.953930806,,,,,,,,,,,,,,,,,,,,,227.628657,365.0291687,84.24712282,149.212087,4434.017098,322.9393605,232.8560068,671.4132222,759.3535595,217.9602077,296.9690122,409.4091375,83.34689445,66.34765443,154.3279171,161.9632864,494.4141785,1268.95058,4.225664282,72.18707585,121.3734248,475.7922538,1851.120493,2.529414097,,,486.3689325,101.680257,74.75544241,3858.583279,270.6137298,65.15013213,74.6583565,55.85691885,0.877475216,191.6713758,259.1203509,55.05392404,235.197085,1401.741772,,8.485647171,316.1552437,143.4496912,454.2932163,1130.936885,2.197612011,0.53323471,41.09096247,3.347535855,10.59162357,6.975463759,39.07373543,4.957296442,0.690715284,4.035737201,2.213943536,1.391801442,1.477299994,2.535829063,7.009957685,,1.098244485,,0.461597703,2.110513564,4.662877336,6.229883471,124.9082429,233.5734735,24.34342122,44.58232956,946.9693066,140.4959825,28.704982,12.72158084,78.93276517,13.35068132,27.43101871,41.21411484,485.8154416,717.2726861,5.552530632,4.621874951,3.82870241,33.45227314,76.01010939,49.35969566,8.19887561,2.188804276,71.78200688,5.093296917,38.36357044,248.70094,37.80865294,1.730887293,2.126626362,54.07019373,35.44718135,22.15261665,4.556233467,15.42039498,40.5684571,,1.551903901,2.733218105,12.59592941,42.24672539,123.7950956,,,1.475725549,0.796839373,6.806313755,7.475541253,15.6076104,13.58081303,15.32661664,13.44389142,9.101652342,9.732855016,3.104782231,5876.243913,97.39874491,578.25337,27817.69339,15236.34918,992.396822,3412.500648,12781.93842,2899.969059,3017.897611,175.9623009,1896.381274,1693.609425,898.3935094,2486.240615,8193.668154,9.808466171,171.7590431,1135.931397,7634.363813
22,11.09993375,0.59562486,2.124577483,56.9858343,39.3884388,13.66386004,19.44939541,40.19829299,7.619072836,9.029269011,8.332725401,8.864653745,71.63438261,26.20637839,7.244913468,8.861582586,31.8647203,5.020068514,10.08866615,41.70663161,2.126307294,5.972856253,32.55908044,3.111256211,2.981845207,3.841635254,0.622127167,,,26.60502921,0.979887674,0.246083627,0.781355035,0.587088448,,,3.793818058,0.454295932,,13.56194293,2.170655839,1.287504889,5.241032467,,,4.729583851,1.440633401,0.378579943,,,2.098654239,1.94994824,0.960422267,,0.52362639,5.335272485,1.326015687,2.035327539,0.677349793,1.747259237,20.70649713,2.090646488,5.838812585,14.75499779,3.964114882,2.336508482,1.046962324,0.920753167,2.131213717,4.223089515,1.380105326,1.014590495,0.981808896,2.202923465,4.223499285,1.101461733,1.408789225,0.527783747,1.165385851,1.777582216,6.44199401,1.850931044,1.67443194,,,,,,,0.237511471,,0.186999981,3.270350249,0.455678115,0.198321079,0.448259973,0.597679964,0.169342656,0.311518042,2.251261196,0.102319181,0.230407637,0.449114886,0.292509695,0.227707547,1.44454788,1.325743943,2.637987438,0.355511784,0.364512082,0.2655088,1.206039975,1.979165601,1.559751699,0.524717392,1.657029751,2.295030511,,2.091014512,5.366392712,1.177915247,1.519252731,3.520418963,,0.537576887,7.629456592,6.573428149,1.004855259,1.90271204,7.11307264,0.470379776,4.931234139,12.98403253,2.456312854,8.601747097,13.10963944,0.480717793,2.13308185,,,,,,,,,,2.493703058,,16.69249101,2.707035312,10.85494358,11.33738551,3.135872589,4.317855334,,,,,,,,,,,,2.115642235,,,,,,,,,,,,,0.925959759,,,,,40.72439267,110.9395611,30.3104122,43.98953189,1281.571517,96.94866883,124.3925102,187.7107414,264.7618468,67.17133748,73.03368823,96.08626446,29.08564456,28.70572014,53.79582955,49.31018828,146.1534158,273.0311935,2.444367781,22.25782742,30.8610496,153.3667683,628.3986272,0.861597087,,0.727505949,122.956415,33.46674942,20.62377388,856.0518157,89.77315782,20.31777165,21.53263169,12.65327195,0.80909857,62.87423141,87.77842696,14.25087768,52.47086215,245.5521621,,2.911046916,84.82643692,31.93714647,103.141232,246.2069641,2.163708736,0.182326229,18.44917292,1.35562662,16.29732976,2.748321992,15.63455595,5.052363191,0.155583096,3.957199904,1.580099173,1.269149511,1.66336546,1.056558878,2.096789517,,1.182385941,0.500899284,0.17142858,1.74813668,2.259428679,1.342406265,30.18884993,58.27480106,5.964763302,18.30053912,281.6749655,38.04445748,14.60873211,4.43078591,20.96113891,8.078312504,11.11736848,14.10145246,174.7227524,163.9955951,2.393608925,1.821222734,1.34137297,8.534448801,16.14139348,12.26040014,6.336013625,0.695676464,85.58482118,3.002865646,15.9794983,80.35610395,36.59366026,2.911651645,1.874514098,16.36622597,26.78065661,28.73122134,3.037724457,5.05538721,20.32254346,,1.306580948,1.191881094,10.31736083,22.97076095,47.36163768,,,0.267579572,0.178182744,1.955523732,1.778411833,5.536974228,4.255645331,5.156692954,4.464452071,2.717547089,3.35837153,3.424862322,1542.846534,23.51615438,151.281897,8164.586463,3479.018849,321.1595215,1313.48582,3906.685771,927.7082682,786.2359415,64.21581571,860.7529232,672.8382027,280.9425179,668.7713649,1668.292838,3.151858096,52.07786906,358.9587678,2342.7399
193,7.17355203,0.590375087,2.117434668,48.96150274,42.7594583,11.83932169,13.28547371,37.37641705,5.834439229,5.477759613,6.515512633,5.834439229,44.65844385,17.61552912,4.014396493,8.131254678,35.88786394,3.975354689,6.789700061,32.38961347,1.448889664,4.64400635,27.31471993,2.292625994,1.307972522,2.477602474,,,,17.59575533,0.626778797,0.19921517,0.615086682,0.76507507,,,2.052905311,1.708767506,,17.2067927,4.431507401,2.765263138,5.932191051,,0.335802654,3.00460583,0.883391389,0.357328465,,0.627692653,3.287586679,0.570730392,0.653009602,,0.561028275,6.983317916,1.209340366,2.165206193,0.663036031,1.509841102,21.19914295,2.592777718,5.282943022,13.38712437,3.969544687,1.884383085,1.057589162,0.631351713,0.942191543,2.45770247,1.074932157,0.926182624,1.252030815,4.220351073,1.672931957,0.816121312,0.963536767,0.500278695,1.171319185,3.111066446,3.420905718,0.92418151,1.025573067,,,,0.287072803,,,0.396098347,,0.281651898,3.202065529,0.308437237,0.193364147,0.576021617,0.428793477,0.091970471,0.179794733,2.300694113,0.082280228,0.331840919,0.277440769,0.120360333,0.116960324,1.303563612,1.036322871,2.173286021,0.259080718,0.16592046,0.189720526,0.799002214,1.066922956,1.452484024,0.418201159,1.473086804,1.719654981,0.7288165,1.917623742,2.670335864,0.630578939,1.055390014,3.016822397,,0.664996443,5.405318678,3.147175678,0.718338403,1.980764805,7.791482384,0.430686941,3.908187649,8.669846669,2.45728632,8.300009075,13.0509997,0.359356366,2.341079113,,1.292014896,,,,,,,,2.358308768,,15.89609633,,12.06141391,12.28436056,,3.027380861,,,,,,,,,1.206875602,,,2.299929103,,,,,,,0.671289423,,,,,,0.823855201,,,,,49.64382077,140.5692381,14.17816166,32.5045361,810.679658,81.6856225,70.64742562,183.3336725,185.7351349,42.35148696,51.51282297,51.69438433,18.17307673,27.43467698,38.86596151,34.17514459,120.5286674,279.7287062,1.931880744,18.47965668,25.09750941,95.73424357,322.1800242,9.49974439,,0.966675207,80.02055155,20.45051598,16.1920512,584.6967843,45.61351733,8.63183249,13.34926472,7.087481397,0.516642558,37.5916179,33.73445847,8.343404987,41.47116142,213.6197038,,2.159892427,48.16967284,24.29605146,71.47591825,164.1964204,2.492759543,,14.75221142,1.092165457,16.73547841,2.09420278,9.819741225,4.581335484,0.176245215,2.925154053,1.363968437,0.823011873,1.751562095,0.741450494,2.11214168,,1.195744516,,,1.675177405,1.52868772,1.174692677,20.04726604,57.19802564,6.667425816,10.9092084,191.5825501,33.01393738,5.007383294,2.246066136,17.31624854,3.264836105,5.11493692,7.548027043,109.7828264,147.9307064,1.884643077,1.738406697,0.376517461,5.658256854,11.35412118,6.566555111,4.590945313,0.252567016,64.86721554,2.499829007,9.619661668,61.76995387,22.33872198,1.395985296,1.098225667,8.652877893,16.08184643,11.53594939,2.689382593,3.960909226,19.14873581,,0.895664201,0.969653852,10.09291478,18.78186849,34.83448399,,0.079091497,0.239961567,0.162864724,1.285900547,1.068851153,4.369168076,2.761053634,3.906469833,3.582896022,2.148039558,2.220678577,2.66445526,774.9579271,13.63032277,115.7142819,5327.563509,3033.209179,206.8882619,641.9971503,2454.010903,465.8991597,473.5456065,33.50357393,399.9999523,308.9820492,151.4013837,512.6428642,1717.160589,1.858677414,31.76443159,200.2940139,1384.245823
83,14.61693723,0.990261526,2.058033401,52.1217542,42.63810005,10.78733706,16.44149942,40.79718014,7.895315555,8.100676855,8.213833393,7.706658074,65.22832385,25.86625329,4.978887665,6.323453585,20.34820801,3.226042915,9.442306894,32.62267835,1.190213804,4.225259004,23.8150962,1.820544686,1.528125591,,,,,41.17545184,0.577003241,,,0.333834231,,,4.60191278,1.059650969,,23.10138529,3.048207146,1.903535937,7.270424344,,,3.383853051,1.140211354,,,0.973212674,3.679640424,2.243641697,,,,6.378065604,1.344730117,1.975244648,0.706196323,1.71211259,18.46435241,2.037895138,5.454101056,11.48759384,3.970036249,2.64936392,1.256017023,0.648557872,1.332200019,4.22715386,1.323178348,0.938253738,1.090118526,3.336013291,1.268547121,0.743786617,1.199882184,0.497695492,1.073077592,1.43594923,2.704496352,0.898658628,2.963352474,,,,0.444947819,,,0.23755886,,0.160390058,3.277404402,0.445612002,,0.406238669,0.746600797,0.138687455,0.394231931,2.694838497,,0.230307115,0.337804859,0.204998641,0.168301353,1.297122571,1.066309287,2.238407996,0.343815621,0.170832201,0.173363048,0.68162048,1.406518451,1.655364023,0.378678044,1.213940055,,,1.87864585,1.911317952,,,2.634188203,,,4.944227678,3.840683012,0.932959436,2.050681427,4.544518586,,4.813887757,10.47932967,1.856772211,7.073113058,9.619086186,,,,,,,,,,,,,,6.131032946,,10.87236509,4.12822885,,,,,,,,,,,,,,2.295611866,,,,,,,,,,,,,,,,,,67.71360334,157.9590891,25.91116235,45.32691003,1976.361167,164.7699849,115.0959878,272.8241718,528.3955659,133.0767682,180.2669638,252.3557435,46.27521085,41.77189652,111.798777,95.05615818,218.8513827,409.8098876,3.693233538,32.23116337,34.97263229,176.8966748,707.2100427,0.557350851,,,222.4124675,42.48497471,30.14767914,1523.604279,130.1187909,31.85611588,42.5383656,33.15326128,0.802550354,85.70331632,130.8981595,26.85813063,90.78738271,435.0356449,,5.106912406,160.484862,53.3511272,199.4695462,469.2412279,2.378360954,,24.83149692,1.649073361,14.67779274,2.734329385,23.05043904,5.113781849,0.297866957,3.470052647,1.707398597,0.809234659,1.791377384,1.001882227,2.434741162,,0.967472638,,,1.701720597,2.543250933,1.565846255,41.36957025,101.1043789,7.837364529,21.69516917,407.0406937,65.3240389,18.86833806,6.314094805,39.92574944,8.538780758,18.27439367,21.49734078,221.9768772,297.9056513,3.856581842,2.915650327,1.606972719,10.71757237,24.85977479,19.1919509,2.618266142,1.186041515,20.15039135,1.760119169,15.15744225,116.4460605,12.44963344,,0.887897111,19.53478946,13.28355464,7.056538922,2.795966781,3.648620256,10.83418527,,1.11119749,1.4528297,1.661141285,15.06057299,53.68471469,,,0.541014237,0.333303414,4.034170387,3.948568253,12.42962812,8.46321887,8.13826871,6.722705158,4.647414057,5.450489813,11.94071329,3576.223485,98.54175615,206.1311396,14409.32744,5994.862508,436.942361,2040.902151,5980.451859,1338.79625,1160.551649,103.9361063,1464.458175,1162.947485,433.9248319,824.3087842,2289.726782,4.953012016,77.11316526,533.6686394,3500.315678
399,23.37813383,1.825995062,2.0868515,73.39411864,80.96294841,13.38271065,18.30170921,61.64453723,10.36184227,9.003337154,11.44840587,8.192594801,77.23995227,31.68687188,7.335206158,7.662738728,24.70966644,4.443798208,9.477294757,31.37215278,2.228583717,6.191306532,37.35564925,2.674703187,1.632200764,,,,,41.29866237,1.234245148,0.439620073,1.124109768,1.045907309,,,6.861888412,5.358363619,,49.41844629,4.405414908,5.927766144,22.06473203,1.521330038,,5.126346788,1.548063059,1.180684716,0.926983868,1.844697897,6.008512913,2.422987886,1.684951346,,2.320181251,17.92976097,1.345365758,2.318353494,0.709241731,2.004469635,21.03074082,2.425418704,5.450924852,13.37636172,4.851359677,3.00879353,1.513014209,0.823096442,2.136081503,4.983493814,2.21494417,1.139069378,1.399681767,4.539564895,3.812043738,1.25971359,1.844132955,0.604787868,1.545917176,4.377661407,6.535155952,1.818541759,2.561423181,,,,,,,0.285650214,,0.345217083,4.07626917,0.6484666,0.288838846,0.542723079,0.706632733,0.211261333,0.386098297,2.624982765,,0.289893526,0.303879617,0.233101519,0.209791367,1.398609116,0.934525182,2.887492094,0.38143885,0.279721823,0.183655743,0.850608635,1.979667631,1.987296408,0.556900721,2.128563847,,,2.756200436,2.256181773,,,2.573266779,,0.68256334,5.068032797,5.303517149,,2.13983607,3.900849486,,4.658494793,10.5456036,1.658628915,7.259061118,9.204366636,,,,,,,,,,,,,,,,3.777729689,,,4.390022268,,,,,,,,,,,,2.580517469,,,,,,,,,,,,,,,,,,66.76951018,201.1029184,38.71471594,48.65564216,2033.430424,217.6769167,160.7358545,233.6682314,535.0614817,151.4428596,181.7955601,265.342427,31.39477994,40.78928889,100.4078732,86.32955142,173.2816722,295.8979605,2.933729048,18.8673991,39.71531952,191.3516381,771.5103499,2.707486923,,0.77101866,224.3007987,40.9505453,39.44829822,1457.170047,126.9900218,30.52150753,34.01235147,28.4823544,0.849672981,96.00509401,183.0016681,25.6968807,78.08832659,376.1715121,,4.630187894,131.3216193,53.35771343,194.0481712,467.8349681,2.388511034,,21.47920287,1.832968384,14.26074563,2.97805919,19.52373695,4.568158237,0.171992645,4.063628221,1.860834161,1.388617655,1.561774155,0.809643334,2.095053804,,1.12829377,,0.203674037,1.731326626,3.283765707,2.950994026,51.81403728,97.27323128,10.27293347,28.32405143,428.466201,98.74199437,21.02938574,7.23343998,53.56527344,9.107880033,17.05853054,23.16331496,288.7785992,292.492404,4.846173997,2.935471187,1.514231364,14.14893153,29.40010689,22.67625791,2.926753094,1.092605027,17.17179452,1.55475779,18.91337471,140.6422187,12.16342949,1.27158145,,25.75972454,14.97190104,6.851107267,2.590178161,3.790354131,8.767639954,,1.142710247,1.699899541,3.737577048,21.67169105,65.29970317,,,0.785722513,0.430566207,4.747464251,4.338974571,10.07779996,8.46386789,6.879717622,6.66527128,5.58257877,5.838868301,6.486909548,3635.13096,124.2176418,226.0356342,12950.10826,7409.157768,412.0840322,1597.682025,6323.327922,1401.470537,1079.771236,99.75567986,1505.688982,1172.629368,423.8426511,821.8341917,1989.266516,4.631564524,85.9837575,628.5264372,4023.919357
482,16.27011204,,2.70066223,63.75703847,53.57895703,12.88922411,13.18232832,41.23028306,11.27809733,15.61606607,19.76501543,6.97516654,57.86337251,31.77737395,7.693021093,12.88985705,55.71689695,4.345013245,9.910417618,43.26374965,3.438467025,8.864571106,44.88867922,3.229828247,2.77744188,,,,,38.30013156,1.032415239,0.19802706,1.332201345,1.525784956,,,4.470323994,3.25095861,,41.71396759,4.556712958,5.561635948,9.681751844,,,3.23890961,1.331058744,,,1.116801429,6.017787848,1.907850866,,,,13.85012652,1.519684079,3.594372811,0.920422588,2.81210332,30.43375195,3.474759739,5.818577883,23.50875315,6.532667922,3.901778405,2.37013302,1.078909909,4.221743373,6.802993464,3.093194039,1.793598013,1.924574327,7.738965752,10.10610845,2.197890196,2.673950222,0.984415582,2.22061668,10.35849203,20.56148706,6.191172602,3.003917032,,,,,,,0.631828081,,0.649290666,8.410616006,0.771528762,0.358057582,0.800204445,0.774435149,0.259049236,0.451640814,2.452151927,,0.304789891,0.303358953,0.254707045,0.203193261,1.533966026,1.775794625,2.926269144,0.284756753,0.158156356,0.189787627,0.932971874,2.866169729,1.980418824,0.512275968,2.182815099,,,1.948486344,1.73537065,,,1.995676248,,,4.89107629,5.675945675,0.957157787,1.761170328,5.599373052,,3.560626966,10.52873565,1.282591434,6.0109509,8.489989568,,,,,,,,,,,,,,4.924846056,,,3.255835326,,2.535828593,,,,,,,,,,,,,,,,,,,,,,,,,,,,,,82.92353607,215.8485774,42.71929384,68.43327445,2181.604421,151.7152923,185.2283294,298.7217323,328.7561806,119.4573991,143.3697283,220.109735,41.07660453,32.78592029,79.34727916,72.17176347,202.1129065,522.0309584,1.652335897,25.39118842,46.81074496,256.9127248,1078.804818,3.160729456,,1.998245734,207.3340735,32.46367179,31.83329914,1512.279217,110.4963541,31.74582995,35.98881694,24.33281541,0.78631043,103.5797376,191.4324077,22.7570172,77.66409191,478.0804217,,5.679751911,164.6348437,48.47191585,181.6806245,396.5633187,2.513749476,0.173749195,28.80564724,1.932937145,14.86648332,3.387177418,25.51105478,4.735290636,0.365782512,3.809990604,1.964036918,1.489450016,1.506694977,0.673582708,3.430454822,,1.08150588,,0.270919268,2.169982323,3.275485871,6.04833575,56.72262996,217.3383671,15.96673257,26.7829684,441.1522828,96.95703772,27.10040013,10.93439796,36.18581379,10.59447223,17.94842332,26.6796889,282.127629,391.0068054,5.817939402,4.806253008,2.005505112,13.15574116,33.01753641,24.26769369,3.889233607,1.184312853,31.26990416,0.634654334,16.11020408,113.3300001,15.19526696,,1.328900517,22.01064467,16.75326508,14.75270325,2.693179626,3.472251824,15.23936701,,1.238659553,1.314327667,5.058926277,17.5064271,49.87080754,,,0.531749527,0.383690236,2.924471075,3.345167934,6.699263116,5.422389103,6.079837054,5.811149497,4.355237849,5.588284623,6.382390031,3194.833268,39.54979985,281.0375908,12995.38323,6203.820847,440.5318943,1257.385315,6248.816352,1907.881555,1731.15226,71.38256558,1022.122955,1102.812407,480.6443946,1137.949921,3691.314652,4.620066478,81.77019368,599.9279486,4023.852728
18,28.16812441,2.838761629,4.609329449,109.1895311,142.4703396,22.72880225,24.0230409,88.19007908,20.46798283,26.39113535,31.24485687,19.3416278,132.7866986,64.45617326,20.55418406,24.62756451,107.2968986,10.52437982,18.90164537,78.31470442,6.91710619,18.8513409,104.973766,4.435022935,5.73737094,,,,,70.39126334,1.659728624,,2.647426796,2.216517782,0.726617859,,7.638244423,2.467410417,,44.47049132,5.8640101,4.321717324,15.58091102,,,5.279249178,2.218694666,,,1.564679891,5.888913809,3.060554512,,,,10.45602837,1.705257813,2.788075011,0.894937658,2.572945766,24.3791631,3.054118177,5.470736692,16.12321979,5.903863571,4.811724106,2.014326827,0.924338655,1.91106479,6.437384098,3.044795909,1.464313059,1.754020441,5.693036911,5.699490788,1.377544263,2.209377343,1.068475248,2.354948132,7.573983607,13.3007241,4.105383086,3.748330669,,,,,,,0.381103424,,0.312427426,3.947612418,0.654259786,0.286569858,0.743444089,1.005450817,0.207421993,0.384391449,2.628254985,,0.313652006,0.364416492,0.267923679,0.216252684,1.53807329,1.737867804,3.117483376,0.421979794,0.215749068,,0.899075316,2.294192186,1.992778047,0.769897828,2.399296739,,,2.814172369,2.255065276,,,2.665077145,,,5.336028719,5.215502403,,1.785980865,5.522296662,,3.4185646,10.22282299,1.555885171,7.527416283,10.68301438,,,,,,,,,,,,3.133001049,,,,,,,,,,,,,,,,,,,,,,,,,,,,,,,,,,,,,117.2045679,263.5301314,37.25913563,97.13057935,3051.305972,258.8999985,184.6732943,483.4842411,683.6548119,147.943226,206.9918899,306.3762064,63.44163678,51.47175662,111.8359711,119.5614783,325.3232792,848.4284807,2.70793203,36.2246703,61.05230169,311.7066381,1221.278937,3.696823675,,,298.2248863,55.3673983,43.16776304,1992.326194,166.5602608,37.09831494,31.7811366,30.76672564,0.848999827,131.5075805,202.3681771,30.34557909,109.8196878,617.4092487,,6.619525622,191.2277338,77.28725075,266.6908538,580.3276658,2.675310846,0.36773349,33.81909422,2.671911626,12.88597165,3.346031098,31.54321627,5.227703951,0.37320528,3.779689134,2.214516919,1.565007968,1.766528215,0.990979213,3.486613385,,1.21748915,,0.284226284,1.604771527,3.151580975,7.252709765,73.73306424,240.7356056,17.05115015,28.11741573,525.4305691,116.5937486,29.94540479,13.02674114,58.2946053,11.26315897,19.7683237,29.29135526,320.7839178,487.6059823,6.040860255,3.659796208,1.838681974,18.52942474,41.52188272,22.38577114,4.475055105,1.290970654,43.07677077,2.030973552,17.44373569,150.7953334,23.9791832,0.745897299,,27.31849816,25.16864358,20.40961991,4.036904283,4.815975391,19.59988423,,1.236989045,1.761604934,7.202443022,21.82120428,57.42613739,,,1.053887919,0.522714875,4.949199918,4.713611376,12.00240093,9.738387541,8.41561329,8.323307205,5.461818577,6.634781264,12.17150433,6048.159078,216.9851516,421.5421892,20361.31452,12747.3847,570.2629734,2326.404095,10337.15911,2254.834822,1992.789078,158.274463,2224.604649,1725.452706,680.0988526,1369.786465,4506.350851,7.282926015,119.6431631,779.5413057,5068.629282
363,21.03700436,4.713942991,5.344536242,91.6347421,161.3629521,25.26510033,38.0144823,113.2201386,6.484823451,3.326847781,3.389618494,18.62099775,146.2846068,46.83591903,4.214605005,6.590924849,23.14445855,5.966444147,25.1566427,107.6572408,1.48297289,7.243498692,44.60782452,2.896825523,1.91516812,,,,,55.36433386,2.01315391,,1.394988355,1.026903038,0.261595896,,19.06119089,,,35.70200265,6.927517637,5.642966095,18.65829607,,,8.22748171,4.659599877,,,1.229732395,4.747904178,2.246359234,2.85990565,,,13.88737594,1.437960483,2.647634926,0.776051752,2.325135599,23.9996269,3.600034624,5.934833124,18.09801,6.773693733,3.822281351,1.522510869,0.702976061,2.669980385,6.205998288,1.550291709,1.096135354,1.4228622,3.749809593,3.214726439,1.1722307,2.271385711,0.481333265,1.151093104,2.48094988,5.684201624,1.739322214,2.224607258,,,,,,,0.20318939,,0.451797584,4.407331533,1.376906922,0.326032628,0.723599842,1.45958067,,,2.42529757,0.144651474,0.339550303,0.542062367,0.295393537,0.150661924,1.216595032,0.823752081,1.799768871,0.674532665,0.298438831,0.189128798,0.796344433,1.222685621,1.473922392,0.637989135,1.765339133,2.115932185,,2.423774235,5.241776809,,,2.228581256,,1.239040187,9.404183204,1.840765554,,2.253998638,4.019630904,,6.373807258,14.15010256,2.091209847,6.561640478,13.01058102,0.973950029,3.32941347,,,,,,,,,,,,4.155846116,,6.482324564,4.89157007,,,,,,,,,,,2.555340562,,,2.685793383,,,,,,,,,,,,,1.588454944,,,,,82.95773639,183.2349943,21.37704887,90.19359221,1809.969773,499.9933585,187.6410133,385.8047566,1134.050447,88.60418507,83.1975892,67.56296844,56.38626708,111.6363377,134.275342,60.67284092,183.0743974,379.9576863,10.26363716,103.6424933,57.51757812,216.0976761,701.8513016,1.458803902,0.322392266,2.135968187,215.4304938,141.2417257,47.29925283,1514.820868,249.2801581,24.87674676,27.10161403,12.48131831,0.789861052,139.7026084,79.34901826,15.92349849,74.90076142,268.8598118,0.677023759,10.17944141,275.5973384,62.0052231,191.8189508,449.7533112,2.463051967,0.543589865,39.80239368,6.459906029,15.84614886,6.761675658,41.34279023,6.463690255,0.237700782,5.05939568,3.808007005,1.982112068,1.850382837,2.411909815,4.645741993,,1.425501588,,0.505289568,2.48848393,6.133473948,0.698607548,48.28839358,98.1755097,9.506844718,32.96189823,650.1435793,88.74339284,10.49923917,3.301645045,64.99008646,9.599484938,44.26397546,22.774415,355.1481706,406.2830844,3.065205837,2.334681434,3.054378248,19.09030415,36.9604963,32.67972618,2.73026888,1.062713821,18.51332806,6.653944455,16.57215444,118.2289503,24.43090134,0.967097478,,31.4210828,23.11969143,3.224330276,1.047570422,2.393469169,7.838840068,,1.495864638,1.647071171,3.985845515,14.04572111,40.30848584,,,1.730797586,,10.81339716,1.845841661,28.1025512,7.057042012,24.36272836,12.13768946,11.29137048,8.826175273,5.664918891,1817.060721,146.9471349,226.9924594,9942.039268,8055.917895,429.6300731,2411.675093,7293.044054,465.510672,414.2661077,167.7509897,2271.412685,905.6792665,193.9673969,579.976706,1576.793166,0.984133575,79.41834933,521.7515366,3604.041901
32,4.681859354,0.278548123,0.917239272,24.21957659,15.43759517,7.169923747,7.52344497,21.29605524,4.883210829,4.534654021,4.989463688,4.32399457,31.33444546,13.53898925,3.215033854,4.655637873,19.67107821,2.533280211,4.932104054,20.37949214,1.127999783,3.881385079,19.26481518,1.411791867,1.387345254,2.554182914,,0.370389057,,15.76056673,0.391419365,,0.575158174,0.730591102,0.195218675,,1.509047688,0.513072109,,13.33130524,2.1876645,2.064570716,5.150360765,0.3519258,0.273706405,2.931110754,1.168896236,,,0.393370317,2.140016301,1.227830014,0.443165823,,0.58289923,5.101721742,1.123575088,2.018290454,0.655043375,1.628448042,25.80408373,2.049525902,4.651378611,18.81665406,4.093645669,1.868420375,0.983315915,0.641828378,1.669294397,3.040049997,1.453048991,0.771575622,0.971902963,3.097114757,1.821266863,0.929254563,1.119670657,0.497064093,1.161418034,2.80187971,3.176104398,1.157513603,0.999625026,,,,0.253680196,,,0.257427895,,0.277574426,5.098564664,0.40591529,0.220433589,0.468955668,0.56238043,0.137389356,0.261955705,2.39423851,0.083877761,0.171406316,0.246504066,0.192043865,0.167393459,1.304751754,1.35978522,2.747660438,0.245357535,0.186884478,0.151915297,0.804864439,2.129107212,1.414818686,0.401285689,1.793852973,1.380425921,,1.296419148,2.398375424,,0.822727536,3.02165386,,0.413143692,5.531369867,5.751316869,0.591479099,1.911161109,6.342795968,0.287839604,3.43295658,9.989755036,2.062746205,8.268818361,12.2754205,,2.052090191,,1.153211191,,,,,,,,2.106812003,,9.090164248,1.743178705,7.828923185,7.736637254,2.477148686,3.091578704,,,,,,,,,0.589158804,,,2.38039162,,,,,,,,,,,,0.361097332,0.655176599,,,,0.374823253,27.63834499,58.75335481,14.48478181,21.55580743,792.3989473,44.89568032,66.01461534,111.278612,138.4793168,40.38203746,42.19431203,63.28604001,15.09625016,13.88646621,25.57713694,27.10282462,71.72982096,190.7137884,1.593873376,9.917123287,17.86212978,97.38385671,406.3422789,0.181191862,,,72.129252,11.33283116,15.3329116,568.656039,45.54108896,10.53080062,9.848651643,6.784430447,0.592991549,29.17815851,54.79581928,8.599682252,32.39559234,186.7009796,,2.090574238,48.91012102,19.56575187,74.21925536,179.025584,2.240823502,,12.1122369,0.519117148,16.86073649,1.64604038,8.325813236,3.610493572,0.089978347,2.762846465,0.90947338,0.921902421,1.796079301,0.271237683,1.22152483,,1.363329231,0.41313007,,1.425056251,1.399835422,1.611555158,19.80357937,53.33434733,5.298375016,11.71693024,135.2180903,28.54557046,7.560284228,2.664142183,14.54735952,3.745595933,5.329338273,7.797790167,88.67378148,104.88951,1.939818303,1.582972886,1.007514671,4.867281727,9.695200158,6.756687809,3.271553777,0.298479062,47.39384344,1.239232385,10.95228385,50.77623723,19.39601655,0.753858195,0.741399683,10.13871988,15.13629904,17.36087203,2.430347621,2.747138306,11.17777074,,1.052844923,0.658487401,4.319061252,11.93947438,27.50065598,,,0.172131503,0.10792969,0.836783648,0.994879531,2.378896952,2.081534833,2.131279634,2.234326922,1.379688696,1.688830562,2.325958529,927.1353802,12.64772145,84.55303976,4645.869961,1961.504471,166.1649766,573.6276313,2376.553106,635.0917923,516.6358093,32.10255474,378.0565189,382.1354029,171.2323844,376.0280876,1154.921216,1.928239538,27.5538772,203.9564368,1339.229519
20,8.384400426,0.591478546,1.889658731,32.90617744,32.01555441,8.980448948,9.991525123,25.35746474,4.515322478,4.851609083,6.182319211,5.109765293,36.33837071,12.29943659,3.014102894,4.928665794,20.05549094,3.44043958,6.490012651,24.64042332,1.308433694,3.375758929,21.35102101,2.772709295,2.593562145,1.809826221,0.393564479,,,19.7837523,0.350791625,,0.381603322,0.470485418,,,2.699586415,1.803302615,,16.48984267,5.450478276,1.987997968,6.462875381,0.439156854,0.447078537,2.853657251,0.811791873,0.394481062,0.398864185,0.84725766,2.920335771,0.819402422,0.486821439,,0.815432369,7.583813767,1.16565224,2.810591289,0.741141066,1.807595966,20.32209471,3.318935905,5.037020467,11.52960324,4.235091806,1.785218115,1.337995093,0.656973626,1.826967837,3.691677423,1.319291217,0.857372292,0.897118028,3.110521292,2.352012342,0.87874815,1.6222272,0.637601755,1.254161651,2.437181775,4.01966324,1.369056886,1.157919369,,,,0.185354325,,,0.331899482,,0.514671526,6.705278853,0.995698446,0.306584556,0.585948988,0.909725201,0.169051297,0.359592166,2.334483804,,0.213143441,0.399121541,0.301604934,0.230557121,1.421652819,1.700968243,2.690761803,0.417928315,0.351756332,0.227074385,1.234978171,2.604389951,1.550514049,0.46390043,2.007317855,2.236499815,0.750598548,2.548939812,3.489122529,1.121621487,1.615721411,3.27322872,,0.646865691,7.967902916,5.100805503,1.014096735,2.250553551,8.510326751,,4.996363647,13.7627414,2.520080922,9.527792577,16.58604061,0.532316558,2.45165901,,1.162395611,,,,,,,,,,15.09766863,,8.062308324,9.671704473,2.636344167,3.234119879,,,,,,,,,0.68874044,,,2.582776651,0.474031882,,,,,,0.654892085,,,,,,1.152315736,,,,0.37527524,43.90913162,91.50557893,17.37271904,38.29880339,988.5041358,116.0889111,78.56535729,126.8031361,222.1736156,51.71364959,65.85219674,92.21627384,17.57796637,22.77776411,38.75598051,36.54388823,105.2682431,237.4595176,2.576411363,19.19647106,21.2563904,97.29187076,369.7332838,0.622346128,,0.418520429,100.9466032,20.84473944,19.02882138,673.2048929,58.55299236,12.84292446,16.43104719,12.91646759,0.748227609,44.85217683,49.70702152,11.12107237,43.48873704,227.9518232,,3.061978034,68.45538692,21.25425663,81.28964975,197.9239436,2.454784203,,12.88793544,1.273572239,16.14110879,2.447078924,8.520853224,4.319372864,0.227534542,3.035336837,1.327324885,1.109960723,2.010115679,0.870039733,2.112312358,,0.933056197,0.343877773,,1.496153315,1.639227401,2.409314896,26.14822302,75.30028321,7.129794307,15.26476141,171.8643149,32.63823986,8.206494762,3.579203144,19.69564972,4.052645631,7.81707536,10.46534974,106.2760448,146.5978774,2.464491488,2.264635382,1.241634771,6.800240125,14.27216219,8.845199216,4.068838721,0.501326334,85.89074729,3.619609304,12.69944391,55.36033746,29.24887422,0.893497978,1.520066194,10.25825413,25.78548298,21.06052674,4.450684006,6.156043294,19.23816472,,0.989660264,0.83937852,8.545846064,18.21167802,34.02965145,,,0.329307831,0.126264732,1.698598146,1.434425461,4.127705779,3.052566334,3.748326619,3.205171476,2.262528506,2.498884413,4.731831676,1265.998569,31.56276736,113.8216085,5473.540045,3143.4497,222.5551702,816.2956301,2716.907638,546.5587441,515.2897583,44.99546111,511.4049657,376.5310945,161.7925539,416.6166529,1284.394297,2.309129764,33.19731804,259.518518,1800.931064
373,28.19366007,,3.605692075,106.3504744,68.54870945,21.12673489,31.10654895,71.15727318,11.3834958,12.6923792,15.35722937,16.97099923,117.4626654,43.04969307,12.54127944,15.78305595,56.08548079,10.13256219,18.72230627,78.81151244,3.655649963,9.953198219,60.21070527,6.087876873,3.752800812,,,,,52.11200984,1.001846647,,1.093587101,1.368383085,,,4.953314069,1.842176296,,44.50359974,3.18963406,6.268460593,7.888211827,,,6.957822577,2.470979294,,,1.790039231,4.276108279,2.560023593,1.92681969,,2.687422611,16.49675921,1.884542357,5.562313297,1.200993537,3.226420002,37.65606094,5.550138127,7.410330144,20.56473148,8.500877498,6.317173825,2.402856729,1.014017715,2.535913942,7.01028885,2.880297317,2.207184357,1.737570664,4.562210062,4.624825221,1.593207936,2.515911877,0.854870852,2.121088513,6.67373237,10.26975574,2.845511117,3.659752384,,,,0.696843669,,,0.412350635,,0.481435558,9.363165989,0.932646462,0.322777672,0.551949819,0.921720123,0.307588134,0.541127274,2.516241822,,0.244052511,0.333476332,0.252975283,0.142829714,1.399110198,1.462452071,2.863425266,0.235325845,,,0.760102478,1.643162709,1.7474905,0.517912963,,,,2.495322642,,,,2.883722957,,,3.907603807,2.744271376,,2.307825471,4.638415206,,4.146236101,8.903967454,1.538550314,6.50273,8.038925389,,,,,,,,,,,,,,,,,,,,,,,,,,,,4.221613261,,,3.495314206,,,,,,,,,,,,,5.038699699,,,,,160.1653014,200.5593714,50.67682992,80.74333546,3068.226712,284.6431711,196.3066151,305.0916633,610.2169281,167.5658335,225.8443456,284.0754861,39.83095457,60.5710123,124.680609,126.1603801,296.080317,701.6995442,5.669310917,48.80525893,61.84655016,277.4236129,1024.94749,0.783055126,,0.323265645,323.0293328,55.73524561,44.97892586,2137.138733,156.2742644,39.44944276,45.74128409,35.94017409,0.85697553,127.7479264,180.2803098,37.28074494,122.6547466,671.5664187,,8.499309079,229.1134694,64.14658045,251.7883413,628.4158346,2.519276557,,25.62041191,1.936695859,13.23962244,5.052810021,24.27289432,5.297681228,0.333620329,3.591249417,2.130825131,1.469728814,1.532311797,2.00030626,4.219738527,,1.06312583,,,1.702911471,3.350616108,2.974554322,51.69212591,133.864,12.10217371,22.52993536,404.4330923,65.27057317,19.14938614,6.641242295,46.39850357,10.83218368,18.27355862,22.70734694,240.0215988,296.1321698,3.688720137,2.85750236,1.414302644,11.66125968,29.04735986,17.29000719,4.011584392,1.719033157,14.81254433,1.108323502,18.44306888,150.1381625,11.09910623,,,33.72328875,20.81066163,6.708746954,3.328072853,3.624886283,16.47146673,,1.432587094,1.690005088,4.340367451,14.62890091,60.3749523,,,0.989870047,0.580525291,5.481031235,6.212415864,13.25889785,10.21405701,10.52370175,8.138603208,5.866469505,7.586615924,16.11896583,5366.324074,96.09006901,309.2557052,22552.47463,8463.119191,659.5905567,2696.832446,8690.981859,1838.122138,1779.186475,149.9523971,1922.801333,1620.666914,658.4014235,1340.252667,4226.098259,6.994059725,100.8601146,736.8842137,5131.420486
216,27.07844842,,5.482004251,112.3968722,75.2933555,20.99598296,19.63811979,65.59520244,14.4293269,20.63026732,22.03723574,13.29698062,89.16418147,52.81664607,14.76526412,21.8317235,101.5546646,10.72493692,16.25725732,78.02010733,4.33049345,13.29062628,68.1910268,4.351444995,3.882330107,,,,,54.39501695,1.656713138,0.53434484,2.655585056,2.924995016,0.59868319,,7.890555705,3.233834305,,49.1100013,4.702127127,,18.79839712,,,8.741745886,2.83548378,,,,7.600284092,2.501897453,1.85102789,,,9.660038142,1.636162814,2.998822646,0.97587159,2.964027888,29.49705394,2.607179321,6.276812537,22.44261902,6.647417171,6.201558758,2.237383868,0.941886012,3.177651519,5.965278075,2.462336026,1.603795597,1.673385114,5.083271414,8.82896759,1.453288039,2.215535997,0.827791572,1.875680219,6.844048013,17.13115872,4.130056876,3.807020199,,,,0.54798018,,,0.271917068,,0.454436745,7.401359111,0.627644192,0.351262447,0.77967132,0.925757104,0.192045357,0.410353326,2.268433187,,0.243355373,0.326651507,0.200890677,0.190546713,1.429100345,1.695321323,2.872900008,0.275839051,,,0.779063845,2.392722292,2.090569647,0.573273396,,,,2.015776261,1.957064331,,,2.395446741,,,4.128827836,3.341619416,,2.08005662,4.707185043,,4.144893314,8.289786629,1.860213238,6.7796317,8.707489056,,,,,,,,,,,,,,,,,,,,,,,,,,,,,,,,,,,,,,,,,,,,1.901096146,,,,,128.1682359,214.2043392,72.05818905,99.94239239,2995.754069,172.2869874,253.8377802,447.1370947,565.1426971,170.1681857,163.5907869,236.9827106,49.00913951,53.88190754,100.7122402,106.1913473,292.5438604,832.5948134,2.773151156,36.45332038,70.67582037,373.7761294,1514.929812,,,0.828729958,218.3410573,39.19009816,44.83945942,1906.726371,132.0201668,33.3552077,36.3844431,22.2283602,0.933195839,113.2436557,151.6965798,26.27617507,99.16783464,587.8164988,,5.870683192,179.5016357,64.27102413,249.8996059,584.287777,2.362330586,,34.79232946,2.49439568,13.12446178,4.503500139,31.65657737,4.956868842,0.246842762,3.809374415,1.991078305,1.525002393,1.589266667,1.362163438,3.930338131,,0.987347416,,0.344787986,1.535402414,3.538024365,4.724971528,68.04101169,168.5719237,20.14706317,29.38357432,527.5019172,118.0771364,24.04226313,7.193826818,52.55553034,9.023603739,13.86795114,20.8455017,324.4602377,425.0489779,4.70009041,3.351650291,1.60075829,16.50298689,37.95299067,19.39854681,3.76739309,1.732349362,17.95796246,0.577332277,25.2466058,203.1091021,12.17219707,,,31.22087246,16.49014804,4.887649065,3.102849168,6.053160134,19.54971227,,,1.512994125,6.448265456,25.17561492,102.5091791,,,0.652775776,0.38855701,3.48748089,3.703246753,10.23320685,7.463225329,7.342692357,7.608503084,4.84249245,6.40314355,4.114782074,4096.434638,59.58186474,374.3821892,21862.10424,10141.90274,722.3860199,2527.34479,10343.37379,2565.817912,2318.653105,141.7702344,1612.260021,1451.424241,696.1863579,1724.410294,6011.469668,7.72761464,108.0329745,846.1814846,5696.819021
8,12.1799188,,2.109271126,55.94644666,34.47496994,13.86982654,17.10651704,43.1169116,8.894650713,9.794011219,11.24319521,9.660476449,63.56353606,26.97817396,6.00964924,10.15802426,44.32030462,7.658257357,10.96145752,42.31406887,2.521667556,7.680731373,46.67521373,4.761037104,2.961807966,,,,,26.69777071,0.725921375,,1.172036028,1.164607241,0.283951609,,2.582552492,1.74909237,,29.88849808,4.261614532,4.040186841,15.67598812,1.384200607,,4.498060434,2.753526547,0.760332197,,0.832744788,5.106995685,2.012414729,0.792661886,,,7.986851059,1.344665995,2.485776626,0.892805831,2.184536517,30.79197813,2.536529036,5.638974726,22.26666474,5.192571811,3.269983215,1.537306862,0.886257133,2.427929794,4.974827602,2.297501558,1.332660049,1.405787177,5.176200066,5.89437395,1.354489042,1.838001246,0.660872776,1.385049633,4.652304224,9.9583868,2.562178103,2.552171056,,,,0.447749308,,,0.342289665,,0.472900196,8.747902982,0.580991669,0.35071285,0.713561094,0.881029513,0.16095363,0.349499311,2.304511083,,0.256898462,0.313964709,0.224986856,0.147449013,1.484659028,1.243147713,3.573096342,0.305066924,0.132463269,,0.566916033,2.181228503,2.30198416,0.531324892,2.323291922,,,1.575764524,1.47321477,,,2.483079733,,,4.952304002,5.410524302,,2.18535835,6.697065911,,4.053487262,9.014603193,2.141298706,8.794304972,12.47769122,,,,,,,,,,,,,,6.938602244,,6.071276963,4.588430516,,,,,,,,,,,1.183352547,,,2.525447509,,,,,,,,,,,,,1.212214805,,,,,59.23103109,119.5519366,30.31659577,45.42324941,1865.888458,110.5489903,130.24538,217.0842203,281.3000568,78.57945321,105.2893756,170.5966953,27.35285356,22.81881752,59.55518288,62.96518796,196.2248977,461.0426842,2.214264643,15.54473808,35.51452399,185.0568762,857.4843606,1.120235463,,0.304870265,190.5609532,27.22793361,30.35308022,1394.919734,100.1737793,26.07897973,25.77630325,21.68879979,0.729272608,76.82206291,144.0321231,21.90749603,79.22021834,449.2673975,,3.853272681,95.91469058,44.94370805,178.6839455,438.7868801,2.464723505,,18.80561756,1.237189948,15.0625664,2.905951543,14.8256646,4.471768369,,2.848857095,1.389789044,1.336348414,1.538630919,0.8197175,2.228381613,,1.077199982,0.439050143,,1.087396403,1.939070386,5.420158216,40.80068132,135.207537,13.09568769,21.35199993,300.1071639,64.319651,14.66666521,5.263700079,29.61702165,6.452604424,12.37147088,16.89239827,212.5769144,231.90825,2.887111416,2.439218537,1.101948821,10.22335269,20.98558999,12.32976077,3.184407998,1.343990743,19.92571362,0.723727225,14.33874826,78.04147773,12.21252591,,,19.52229704,13.57091532,10.00160172,2.287602364,1.762279756,7.874333594,,0.891323978,0.955912672,1.488147349,10.86909271,33.18879985,,,0.407050104,0.186150962,1.916203522,2.517118223,5.444955071,4.850878759,4.033420785,4.371889662,3.072766472,3.505807536,2.957346931,2633.785585,34.05176219,215.4401979,12028.70408,5479.873316,484.1165268,1675.31372,6500.459744,1634.018595,1340.730913,92.87895846,1065.926153,999.0007314,424.5895244,966.2690021,2807.773961,4.859349778,64.45928192,509.1987926,3412.421223
44,8.753139319,0.654741843,1.361198802,46.93834073,33.51160864,12.61155642,13.20286087,34.77990163,6.039716212,5.237253279,5.729318591,5.740822406,47.27160138,19.89622222,4.119616563,4.893951899,19.29735203,2.669430886,7.580565314,33.06273274,1.34564099,3.86640097,26.0083118,1.95311642,1.896429664,3.342416137,,,,26.98692367,0.679159877,,0.447214916,0.772436636,0.266873491,,4.275836808,,,19.42857684,2.628981841,2.051385712,6.117804633,,,2.991896849,1.01967873,,,,2.343266627,1.461679386,0.510538733,,0.961381786,7.682291696,1.151677807,2.237778128,0.755212615,1.76759184,25.21304316,2.483372241,5.156619164,16.71454389,4.290824906,2.082620939,1.221112792,0.770642611,1.594432989,3.628192272,1.718301573,1.023523112,1.197539186,5.141189167,3.798350846,1.071098935,1.6454377,0.687063463,1.501424398,4.218818255,9.326147152,3.16014904,1.217110354,,,,,,,0.168448124,,0.340115001,5.090995835,0.567573614,0.258951855,0.446957996,0.586188959,0.133489961,0.323689818,2.426343407,0.120071387,0.189487658,0.278931461,0.162190179,0.17912212,1.456146989,1.392874996,2.832981198,0.326162667,0.194177947,0.171101727,1.060474245,1.884792461,1.867860519,0.501720168,1.246939004,,,1.249765368,1.440126981,,,3.05406239,,,5.180986784,3.796313256,0.848112536,2.105857657,4.777123671,,4.840587875,9.715792587,1.575066138,7.425311793,9.271543164,0.437265325,1.804217228,,,,,,,,,,1.918661983,,5.337116138,,8.728928262,3.790848845,,2.577112154,,,,,,,,,0.804448834,,,2.506167522,,,,,,,0.723026887,,,,,0.977063361,1.582842645,,,,,48.35893679,93.00031994,16.8473417,38.03450247,1371.785154,95.6424353,82.25614076,146.281791,259.4389505,58.06787059,85.49154658,128.4379581,21.62787969,24.18877419,51.29717128,48.44148808,128.3908195,289.4541877,2.26203336,18.94012438,32.91261684,139.3624398,575.479677,0.371797649,,0.338823592,114.6958607,23.69373865,17.09997191,818.5822054,72.46394365,16.99701729,18.18801052,13.83356523,0.789819373,58.74805448,78.70115203,14.7392352,42.70973576,256.3718424,,3.763264393,85.54532587,29.42926283,94.74472146,234.9490715,2.288038385,,13.69524438,0.98691231,15.92141419,1.418332926,9.901561699,3.824065793,0.108441494,3.223043855,1.274460668,0.851392296,1.868825942,0.37410936,1.396153416,,1.000608492,0.388455773,0.16354778,1.372709653,1.840222403,1.463863106,30.907965,71.95445863,5.851466984,15.43023477,246.9722822,38.07787058,8.473237518,2.904560312,22.27034857,4.343402389,9.359604958,12.51347775,150.9259808,175.9234924,2.294135792,2.310115212,0.866859937,7.726487966,18.00624479,11.03179432,2.254425276,0.79495864,8.39762894,0.808132825,11.61540771,60.99626739,4.982112361,,,14.93960984,9.305464576,4.239247653,2.151764882,1.538830343,4.512952443,,1.230039668,0.907886422,1.385847209,6.717230206,23.49223356,,,0.280777205,0.21216284,1.541412335,1.85991079,5.04509894,3.517136086,4.179491306,3.567498753,2.530306556,2.981313116,4.517544634,1606.806046,37.51543667,132.2462354,7952.115967,3561.306383,309.3685044,1111.964457,3830.860346,737.3412671,622.4046601,55.52065412,777.8329818,644.3557646,251.0202308,472.6314541,1441.774848,2.887748525,46.92064391,320.5695961,2208.086346
245,14.03911863,0.894690705,3.386446126,72.0500542,57.6536329,20.70706497,26.86264257,61.36702851,11.96207542,10.46438737,11.25618423,8.657312758,84.20901525,38.27862765,9.292528009,12.38370297,43.93522445,4.686602964,13.1691046,81.96389758,4.36330316,13.75794624,78.32881467,2.788653629,2.355787991,,,,,33.48771682,1.69980547,0.319903579,0.973065307,1.349717849,0.367847632,,4.995876103,3.094768428,,42.70058702,7.766230848,8.506300442,26.66742259,0.739756919,0.847506091,3.048695997,3.232481048,1.118237203,,1.168987968,5.981118811,1.496151301,,,2.631629445,16.48341563,1.441854118,2.957735753,0.856363765,2.239332359,27.85565697,3.210663099,6.76061898,21.04232142,5.845930506,2.447394544,1.330812844,0.764950999,2.809680721,5.942951417,2.161939956,1.235474377,1.270805691,3.124858478,5.249784676,1.379603707,2.698078632,0.709430362,1.529901997,4.549327347,9.713868217,2.349812819,2.230539276,,,,0.482604847,,,0.418383811,,0.541013548,9.419406555,0.74299194,0.484597194,0.945439623,1.291071445,0.166283351,0.28030622,2.282832858,0.11018779,0.302119546,0.343632155,0.250228784,0.258543444,1.583244797,1.290350275,3.18032713,0.340172771,0.318263339,0.234084992,1.13467799,2.614141263,2.061792933,0.721858152,1.073000049,,,1.872692883,1.771769314,,,2.657653971,,,3.909492334,3.082172379,,1.519741506,4.53403779,,3.568831176,8.9788548,2.271074385,6.975442753,9.570956336,,,,,,,,,,,,,,4.636915674,,6.907149587,4.334588772,,,,,,,,,,,,,,2.483482778,,,,,,,,,,,,,1.599805173,,,,,74.74069164,147.3340362,44.54347385,63.25455006,1766.067638,129.0202244,191.2739725,292.0917815,427.7503259,97.3906861,93.55377805,125.2385728,37.99975076,41.26670686,70.15271184,62.86236354,176.961097,327.6153853,3.838013272,30.787514,60.36283339,237.6065046,894.4068926,1.838846643,,1.56045319,207.0162309,39.52450359,40.23901709,1496.337897,131.0345794,25.62095934,25.10711501,15.7435726,0.791778131,85.70178892,129.0224889,20.18330686,87.41728763,410.2859896,,5.438971192,154.1008142,71.39282757,217.9962126,471.080091,2.188476453,0.300194103,26.94227978,2.280806876,14.40789232,3.783620678,23.76622087,5.146833468,0.210169665,3.927342383,1.507311178,1.179949534,1.668245634,1.525168337,2.529747902,,0.954490145,,0.189296384,2.097113017,3.498044671,2.235184581,46.01998243,122.8980607,11.70033406,26.69395876,455.49724,79.94342234,18.50345756,6.245160897,30.439498,6.356534626,14.51565881,21.88256648,303.9646508,283.5495284,4.931857188,3.396625976,1.705338032,14.44861268,28.64114849,27.38952074,3.07404064,0.455061267,9.383186586,1.637570258,18.11788485,109.6999801,7.558755736,,,21.13534683,13.324159,4.282505823,2.671247469,3.168143192,7.727901761,,1.233944935,1.115559074,2.552969757,10.39131318,41.17885642,,,0.368986588,0.172816503,2.45643035,2.102302683,7.548326697,4.658027244,7.133234906,5.90835203,3.695301646,3.998742151,2.558804647,1587.614546,31.38538962,189.4749291,9772.635042,4396.440682,459.4039311,1788.987283,5564.233643,1164.887715,932.5391902,57.26740043,877.1588436,793.2117136,334.5935267,906.9435129,2409.587102,3.197214432,76.2115475,567.3206601,3960.885899
29,40.52664735,,5.608523101,128.835692,80.76360959,26.06847173,29.47450712,70.15048621,13.85330816,17.56506934,20.11734758,16.02694438,110.1598835,44.5403678,10.84199496,15.52117173,58.09026772,9.535017543,19.07003509,70.73414416,3.808307427,9.66345709,60.33264299,5.694926891,6.433963205,,,,,47.77353934,1.182847805,,1.401815797,1.700111812,,,4.650333579,,,32.21666639,1.900731582,2.104984958,10.87454446,,,7.843260657,1.79564369,,,,6.578922521,3.706603948,2.341013019,,1.357626982,9.530541414,1.758648016,3.49797023,1.095624335,3.044557175,38.93777529,3.837658372,6.978844558,23.47341689,7.584634133,5.591103288,2.575534817,1.066635631,2.480392405,7.037565266,2.329502487,2.308690084,1.566876593,3.33221431,4.109706206,1.837437826,2.403089196,0.89790651,1.633030301,4.221944519,8.060346192,3.00516227,4.173073812,,,,,,,0.625129438,,0.66978154,10.5646875,1.118088651,0.513654731,1.022223771,1.585040176,0.427197994,0.978147788,3.342993825,,0.218877392,0.359183412,0.427933362,0.380229315,2.06811074,4.025379725,2.748594939,0.304464064,0.363318748,0.398469098,1.741197713,7.192086605,1.86186089,0.54859654,3.371872513,,,,4.09263621,,2.076925427,4.387778244,,0.572500001,7.789469713,6.661818195,0.81537879,2.090492428,7.928257592,,4.12026516,13.41037882,2.510964917,9.203371231,17.6781061,,,,,,,,,,,,,,13.92654245,,7.048710136,10.67986384,,4.901495405,,,,,,,,,,,,,,,,,,,,,,,,,2.911965457,,,,,97.05334489,210.9485481,67.15743465,92.00686187,2428.200415,141.5833982,228.3136106,375.6604148,389.5806074,115.2233202,151.8632962,270.0166074,44.33800043,34.1968334,81.37532001,94.09167585,267.6174289,651.7674309,2.758717378,27.45568676,55.02727188,278.0607599,1171.561369,0.880600006,,1.520981457,263.0602826,43.3701295,44.53589121,1614.385848,149.5292295,29.87808694,34.49805085,36.63127322,0.644479319,121.6027817,157.748246,27.31781229,91.61570963,457.7125713,,6.921445487,172.5798067,56.5161987,210.7893117,526.2048372,2.272365207,0.283828976,33.78251581,2.153854136,14.66841828,5.021446457,28.27310118,5.21954573,0.31786802,4.114369846,1.963855263,1.773281684,1.72567071,1.699784787,3.646832275,,1.048866575,,0.193416496,1.875741441,3.771266564,4.40872515,52.3394034,150.4972368,16.46846429,26.48983584,567.5758026,79.12527804,16.29331902,7.039012811,47.86323893,8.703787737,17.65049748,25.19565107,310.2500853,426.2755134,3.3659431,2.967176503,1.329079389,13.32977898,29.50717477,19.92459177,8.089492722,1.590398394,94.21731038,4.041617721,20.57079369,159.8896476,45.23167726,1.131067765,1.818078502,25.74747788,36.88294651,28.21275082,4.999613273,8.597783617,27.59009949,,0.922585784,1.396346052,9.827333908,31.14409949,92.78708846,,,0.631688444,0.394396153,2.126866864,2.869281655,6.607293972,6.522051979,6.639136389,6.514269735,4.627134091,6.330503718,8.61394682,4179.155353,60.48302726,310.0787485,17612.1275,6490.440384,619.2356855,2077.424932,7011.409139,1741.715673,1601.151723,109.6022309,1467.127319,1362.285836,593.12158,1217.234699,3400.481268,7.412568864,97.00024974,699.0949071,4549.058506
334,14.39178914,,3.360956746,101.9823639,74.5608165,21.84447529,27.21280623,70.10658641,13.51368487,14.80228119,13.4094162,15.80846154,116.1759666,36.1650389,9.189612209,15.89019941,62.30804332,12.74875931,17.1876455,56.77667635,2.696892126,9.084268216,49.85307609,5.284940222,4.659092038,,,,,41.38319431,0.740792587,,0.901365758,0.956986321,,,4.105891623,,,23.56295338,2.312191528,2.676439418,7.059465055,,,5.512919632,2.326992768,,,1.28437607,5.583066197,3.185926863,,,,6.846952181,1.448751899,3.279753771,0.813506352,2.594276657,29.62866094,3.209307062,6.138052444,21.55117994,5.363751218,2.551396051,2.043567161,0.963588473,2.189973801,6.010635787,1.915537924,1.085491909,1.545539553,5.921199095,6.852933403,1.252113692,1.60005918,0.811668612,1.67111847,4.21761388,11.96613937,2.406214571,3.211045819,,,,0.634280656,,,0.345090635,,0.495130041,9.509497575,0.679678511,0.401375883,1.172335498,1.086231761,0.228680371,0.500726348,2.564566695,0.093938253,0.23228996,0.325468419,0.272144646,0.273526091,1.416050096,2.051238462,2.837349683,0.292659102,0.182350727,0.158797091,1.005277455,2.162790138,2.296652149,0.586630577,1.808982939,1.838160083,,2.271622525,3.64974019,,,2.69565873,,,5.733778763,4.341719615,0.689098981,1.730668131,8.111566282,,3.574205922,8.344830247,2.257393214,7.697710859,11.72339542,,2.496469374,,,,,,,,,,,,,,,,,,,,,,,,,,2.510183816,,,2.844874991,,,,,,,,,,,,,1.652795928,,,,,90.18062441,139.8104191,33.87235846,58.31595704,2319.224782,166.6308758,172.9093442,406.2927701,449.8429135,100.1308215,151.6842357,201.213462,35.78794079,37.18202341,81.85628954,82.06504468,301.9316604,753.7856394,4.205915962,30.48384776,52.53646275,233.1958397,908.5223341,0.373220558,,,217.8471786,56.58297662,33.18389822,1698.201071,141.3108004,31.37977215,40.90258556,27.74281025,0.703377206,98.84602939,121.2153782,24.74561507,105.2417515,617.0588022,0.175445562,5.628337066,145.5364103,62.76813105,191.0906737,444.003289,2.059093127,0.260150653,27.58801581,1.537757007,13.00364941,3.43626979,25.34211856,3.936041455,0.227500797,3.818095116,1.670615628,0.770153713,1.433960778,1.095111802,3.584032646,,1.06688164,,0.251739142,1.588254751,2.551556022,2.579529365,51.13770489,150.685095,11.81211402,23.72973293,421.7869131,62.58293319,17.05507937,6.090173826,39.95828835,9.089598307,17.56885555,21.8369986,246.9118027,329.7327076,3.312383473,2.948788013,1.11393898,12.79258737,29.7155166,20.04866524,4.069791434,1.296185971,32.09212368,3.936298284,15.98278342,104.8456968,19.39763948,0.773513125,,20.19478587,21.42825499,8.557232921,2.204714603,3.601844992,15.52177393,,1.307797278,1.542792101,4.813276448,13.72741026,47.01461183,,,0.488236733,0.239735698,2.765740192,3.052237585,6.795083377,5.415379485,6.110352381,5.383868089,4.218114224,5.107916691,2.865646215,2201.661441,36.85274278,267.3771214,14165.25385,6507.668155,528.4101703,1879.403332,6324.771415,1319.826716,1261.042351,106.2307574,1346.388733,964.5153847,416.2184355,1086.004805,3417.083592,4.77175799,77.92044229,492.370992,3374.423383
218,20.61105976,3.597363758,5.049071527,98.1366317,150.7899674,27.54066602,33.79864456,95.40455199,6.86332629,5.096243498,4.699218142,19.01875197,150.811883,35.55004085,5.005122924,7.933998498,27.47936149,7.286348917,23.13674774,91.29306254,2.286239443,6.299735579,38.72632484,3.669073803,3.410080358,,,,,46.37308889,1.372061561,0.482930508,1.70033971,1.593701409,0.436021044,,9.242598899,0.849530658,,27.99336576,7.475202459,1.913992123,13.47029827,,,7.431680617,3.067477291,,,0.778974801,3.375849428,2.469036711,1.810897204,,1.386365603,11.54608157,1.491651846,2.425335069,0.84874931,2.686624815,28.81029105,3.128399126,6.0798526,19.59083276,5.424563869,3.072956155,1.445645976,0.838132571,2.009512787,4.922038218,1.550043911,1.26575123,1.106500143,2.738528873,3.668083364,1.278137426,1.683342969,0.504884927,1.253365034,2.021898983,7.105547562,2.090317968,1.892931332,,,,,,,,,0.227257582,2.015017224,0.74167908,0.189954877,0.429691033,0.835801461,0.13927726,0.170304373,2.114394291,0.12926202,0.331557082,0.518484326,0.229799147,0.150087568,1.312584004,0.892338813,2.158532114,0.562146164,0.367032325,,0.712233732,1.303032977,2.005715681,0.652198705,3.032226604,4.235739226,1.300432174,2.75886078,4.873582259,,,2.771014352,0.726984128,1.440054685,11.17384047,4.885899824,0.994174399,2.404712435,7.188645655,,5.922560309,18.33699447,2.795584421,8.539703171,19.77302416,,1.739253596,,,,,,,,,,1.683031152,,14.70341555,,7.700208597,14.50427223,,,,,,,,,,,2.01634538,,,2.590523731,,,,,,,,,,,,,,,,,,81.10487945,162.5101227,23.15219944,73.17820463,1496.649414,386.2482596,187.3133157,342.3617312,827.8092819,102.1712571,89.85059305,71.95659529,43.4884037,91.18152121,82.57573504,55.27050595,169.0782158,315.3234746,8.013378118,63.55858476,45.13435194,163.8849574,549.9411872,2.10110725,,0.734737338,180.7079289,80.86173542,45.65819425,1026.363106,154.5873637,20.59980812,19.10492844,14.24515751,0.754896559,96.80122713,66.73402224,14.52716609,60.71460056,231.6015635,0.468726622,5.742638146,146.487024,40.28858237,120.6151207,311.8282944,1.800624718,0.329058388,23.3509577,2.474700175,16.02722965,2.867843991,19.81625291,6.069713976,0.41617746,4.224454607,2.187864904,0.920015979,1.676781813,1.329217034,2.310516582,,0.960028149,,0.202338247,1.684551713,3.221587584,1.522647716,32.57876705,71.94018026,7.845658494,23.47337669,345.7846664,49.52950997,13.73587144,3.592231284,42.64802619,9.282935449,18.10532536,15.0957911,201.7120293,227.1978444,2.540759681,2.135383758,1.901839361,11.26592881,21.47631834,16.57576302,5.329021008,0.378476502,66.00429788,6.073032106,13.69892497,94.74825865,36.36035077,1.833093964,,19.77933633,36.57893948,17.91455563,2.711572119,4.266096789,14.59849937,0.392803889,1.251491461,1.772184989,8.035999794,16.64151037,38.21395097,,,1.262341945,0.270731279,6.726433079,1.896216435,15.25413857,5.447322408,16.3421162,8.938859047,9.006606189,6.556417878,6.434429069,1822.993935,126.1664485,190.3008897,9301.090797,6937.471574,394.3730619,1699.011569,5792.484473,549.0421547,494.2094886,121.9354389,1700.807823,718.5016966,188.5454594,574.6588315,1750.857998,3.742196336,65.08019629,411.2741814,2840.748867
43,14.16266956,1.076110919,2.692901959,74.40185896,57.40962276,17.79026791,14.46696306,55.9364713,11.05485671,10.99572892,13.04902022,7.983041283,75.20429559,33.40492534,7.703382529,11.00988955,47.74256286,6.226404319,10.66858052,53.29876207,2.742834606,7.899363666,45.75048123,3.798382546,4.543343772,,,,,41.78814283,1.062646096,0.363997354,1.430410874,1.569176491,0.588843714,,5.498399473,,,17.79340585,,1.425508331,4.512766362,,,4.942286464,1.800368732,,,0.698735953,1.766363388,2.132015604,1.009902128,,,4.352891511,1.670605792,2.456430816,0.958706529,2.465744298,26.33445179,2.687521583,5.939090905,17.98084074,5.37387898,5.111355213,1.655471384,1.510530324,1.995413469,4.719024793,2.31672859,1.148468721,1.646157902,4.140424738,3.324330899,1.020990439,1.720665757,0.874303101,1.907517485,4.356381097,6.13874867,2.103100602,2.634738284,,,,0.634819188,,,0.262406202,,0.373304061,5.009146961,0.515440754,0.308800684,0.777419265,0.907440605,0.158249658,0.373811354,2.436545745,,0.23051965,0.335057631,0.218457575,0.217117345,1.300023608,1.35631329,3.543569504,0.348459936,0.222478267,,0.986409665,2.006325093,2.262309123,0.66475434,2.360674107,,,2.004478113,1.830175668,,,2.684880156,,,5.030821327,4.26413794,,2.15360502,5.108351108,,3.618056434,9.527548609,1.740112856,6.934608165,10.65603764,,2.198081844,,,,,,,,,,,,5.568420511,,7.443795295,4.312602741,,,,,,,,,,,1.464978209,,,2.783458597,,,,,,,,,,,,,,,,,,72.34769879,138.4182595,43.14898994,52.96254295,1708.613414,101.0977138,156.4433847,307.6684949,350.7262531,97.50108956,102.1079485,177.5804159,35.00459386,32.11224328,71.56416392,71.71329586,195.2284248,477.7003767,3.067807859,24.70701927,39.77832324,202.6252352,837.0357498,0.644578584,,,171.2484891,28.70624808,29.12578476,1486.255066,101.9803775,22.53733933,22.59834803,19.59035253,0.690980458,74.1387606,110.7293466,19.42623856,78.92984655,449.3164881,,4.292006906,147.5426386,57.18091974,208.4006965,483.7040383,2.230736067,0.214276497,20.91547021,1.162361515,13.77087104,2.768000933,18.35114167,3.832996223,0.160554052,3.667685155,1.607756128,1.209284371,1.60779841,0.73884494,2.264505644,,0.993865572,,,1.464175979,2.232741648,1.732516755,47.50335472,88.67215697,8.879073819,19.18899129,369.5429063,52.26402358,12.50857879,3.75784211,34.57509696,6.043214375,12.24852047,16.93557627,221.045792,254.6039172,2.642496506,1.993507088,1.162086245,11.50596724,25.67866108,15.24601929,3.142141172,1.231329682,16.11159083,0.340891066,14.9729204,107.8812797,11.24718786,0.833776186,,19.45759151,12.48432607,7.524955363,2.530574156,3.1109641,10.55749794,,0.925311984,0.973098048,3.108061074,14.16598117,45.94784066,,,0.435174724,0.257389928,1.93985047,2.12590531,5.476055613,4.550717692,5.121335474,5.181069747,3.6912267,4.218293816,4.747040993,2493.197424,55.51501375,217.4652092,11547.4369,5796.854544,399.3674716,1255.451018,5975.877685,1372.458533,1161.952429,81.49690987,1161.474102,1039.116402,434.0538656,917.744348,2770.119465,4.454093827,56.44992716,419.6021868,2852.696236
337,26.58497869,1.694140799,5.010023218,115.0802028,96.74196654,22.96941792,27.39006171,84.13363041,15.39668343,14.17921548,17.24646686,14.120444,111.9654673,37.44011477,11.03555569,16.5478758,71.3981897,10.32444978,19.51991853,72.88608149,3.297964443,10.02196962,64.55044968,5.955784028,3.795994215,,,,,66.60245035,1.249514693,0.53396776,2.394343765,2.563152274,,,6.380751325,1.517545501,,37.80919643,4.192813269,4.560884521,19.69586633,,,3.714220756,3.509477184,,,1.252168274,7.692879042,1.52647675,,,,13.9661384,1.69827926,3.525825903,1.172695114,3.022689386,25.59416761,3.863314398,6.476528064,16.10114261,5.828643041,3.348567038,1.908048485,0.965248057,2.067504059,5.28757777,1.733885845,2.116269598,1.62938826,3.946138409,8.427149639,1.211397923,1.893341418,0.839850956,1.658802395,5.145151433,16.97969638,4.362580634,5.367059468,,,,0.641713632,,,0.208887288,,0.282105512,3.979625854,0.432848916,,0.786548919,0.628477344,,0.293289427,2.292990068,,0.238941344,0.324876389,0.194153631,,1.546830807,1.282737742,3.441593746,0.335356272,,,0.813238961,1.203090627,2.643026622,0.664424615,1.779140157,,,2.430345814,,,,3.095251744,,,5.698727865,3.320267216,,2.447632883,6.289352322,,4.485553306,11.30167879,2.07516701,7.917560283,10.66316587,,,,,,,,,,,,,,,,,,,,,,,,,,,,,,,3.226152608,,,,,,,,,,,,,2.481064982,,,,,136.9643446,178.8884472,49.20074042,71.98263146,2174.516598,221.4987923,219.2407928,502.9741945,509.279714,134.4438397,145.2204945,167.9338137,43.73926717,56.15339628,95.32352897,91.79337584,285.0949663,705.8206969,2.963032669,43.69409544,47.66058755,213.9844264,828.657912,1.859998245,,0.810688725,193.351928,41.31956158,36.08315666,1725.459344,121.8110662,28.65389556,34.85398954,25.27202035,0.708195604,121.3225118,130.2535468,26.86866992,98.94148689,575.9261456,,6.632526681,171.8083824,52.42691934,183.6944332,453.8238116,2.19464448,0.343476161,27.84173637,2.4842298,14.03696048,6.384307949,24.53349151,4.585026815,0.265438017,3.853768041,2.178547022,1.499455015,1.997940081,2.274609466,4.804261579,,1.085411724,,0.211310308,1.704368908,2.646476252,3.005688515,68.35340499,226.8259945,17.90848131,32.54628106,515.0541031,123.8685394,20.16076836,9.167438089,40.62011569,8.921530817,19.49928315,25.75439003,322.2142177,466.7298863,5.62860256,4.188507109,2.258447589,15.20114332,38.86566838,20.65196156,3.615937868,0.956061284,14.15240536,0.87660586,18.99467107,150.1999565,12.13557786,,,29.01664447,16.07188698,6.117463795,3.517353393,4.298761185,17.8184266,,1.216081979,1.750569624,5.690830779,16.61004549,65.64771746,,,0.612152742,,3.049379471,2.7908916,8.489335148,6.316987348,8.435714142,6.74415856,5.15556723,5.224210066,3.699268114,3822.930849,84.76839064,303.5598082,16879.49961,9000.673119,535.6349022,1946.114195,8418.861824,1666.56386,1620.682659,101.3884322,1324.228073,1134.154111,566.114192,1427.630682,5192.792984,5.387612,83.45855837,654.9408514,5200.034133
339,10.40500657,0.889547194,2.686612232,38.62260869,38.19355527,9.107633942,10.36412638,26.9357344,4.516069755,5.639058401,6.452323277,6.33856607,52.62405253,14.24321092,4.041008742,7.186476784,31.27747095,4.879723312,6.423136665,23.54682935,1.269169622,4.127040984,24.44271379,2.181921342,1.852096023,2.032317505,,,,20.01392733,0.566866868,0.184953429,0.641146559,0.697335768,,,2.108740905,3.623420928,,31.14419462,9.863147153,4.803158107,14.42562905,1.137328801,0.894016466,4.913435721,2.022510458,1.219078773,0.378964562,1.86051092,4.459463712,1.237248418,1.03676835,,0.971103834,9.740368517,1.517750435,3.218127867,1.042340476,2.863226879,28.91676935,4.210773923,6.217186163,18.74556377,5.878435861,2.686397565,1.502427989,0.814160261,1.581524942,4.318031048,1.309033868,1.114811507,1.019149747,3.675316539,5.344220838,1.33802228,1.518164556,0.610827256,1.114811507,2.384503958,7.368854365,2.216785288,1.305308647,,,,0.204787301,,,0.213342642,,0.351210292,4.803228435,0.786952574,0.33567741,0.766546922,0.791597475,0.116067562,0.278061139,2.237849403,0.093134825,0.205629621,0.409620758,0.246591696,0.21054507,1.416468581,1.625375168,2.85833365,0.390778203,0.194160239,0.207268104,0.942127744,1.808066026,2.279949139,0.576746027,2.464490768,2.429157567,0.957271771,2.449783323,3.760829444,,1.490846732,3.116543922,0.327721023,0.645176086,8.045945962,3.552219499,0.757706799,2.55444718,9.336298135,0.241732642,3.61223588,11.28307947,2.393153158,8.698624096,14.92157251,,2.082891403,,,,,,,,2.151829981,,1.800514356,,14.46335196,,8.760019874,10.62385389,2.381565687,3.783583052,,,,,,,,,0.786401194,,,2.157387358,0.415045075,,,,,,,,,,,,1.033377533,,,,,51.21906993,81.01144228,18.85801244,36.45670276,970.6942709,134.9693205,96.98098513,177.3123572,238.3658083,56.02000718,65.83474697,68.70679853,19.12705219,26.95483415,40.37667195,38.68723416,127.2274978,277.0342004,2.129422612,16.23525912,26.57631813,99.62409061,357.7112001,0.430604115,,0.439207771,76.63657061,23.52704037,19.14878372,676.0037494,63.67347185,9.731666103,14.29056638,8.786399285,0.63473975,44.31157774,36.77310167,9.946368383,46.7609091,241.3037891,,2.3414498,60.03210989,24.78844425,74.6210039,188.9877904,2.175984564,,12.34151412,1.270893543,15.39014078,2.337212704,8.031767385,4.954014512,0.492222312,2.746487955,1.291058035,0.754169829,1.78925576,0.827057889,2.016737289,,1.230538139,0.294327188,,1.171662576,1.319530906,2.118754685,21.82762852,62.53712262,6.906954602,12.42145336,201.9905051,35.17064075,8.040536661,3.974719735,20.49001807,4.292681319,5.698925327,8.311579725,114.8561863,162.9358582,2.18038406,1.504194935,0.894165837,5.869631893,12.81006792,6.97956695,2.776138803,0.991726939,58.06128159,3.018714351,11.93168146,66.42177811,27.8111638,0.619914801,1.123869515,12.47922812,25.09958341,11.78558592,3.341111891,3.659697424,15.36647455,,0.946780903,0.936004535,7.835993684,15.5531497,35.51616705,,0.088974733,0.381463098,0.13517867,1.384695463,1.168062346,3.726045931,2.54913216,3.752559344,3.121810007,2.697508465,2.557215213,3.391883952,1001.971478,22.77807148,133.3811546,5426.327377,3519.027135,217.275134,722.957224,2644.237127,476.3522981,530.9153444,45.2171428,515.1193065,352.0636529,175.4578851,525.9330693,1722.798823,2.246143904,29.87995366,214.8267995,1644.188452
31,14.20107408,,4.119887789,68.1019861,55.58293946,17.04923253,20.53356209,48.53844125,8.389980455,8.260518862,11.10375244,11.59812525,80.79931562,28.70712563,6.146319533,10.58221255,45.92915783,6.689017779,12.2512375,45.36510915,2.209211931,7.011418713,41.40919291,2.84211485,3.043072466,3.130023912,0.549127002,,,38.19477476,1.125135579,0.404398287,2.391713779,1.731676806,0.512712152,,7.977007959,1.749383872,,36.94869773,9.966781914,3.132121512,15.21443584,,0.873969087,5.207074075,2.986568958,,,1.333464956,5.637510041,1.759146647,1.367108251,,,13.11004898,1.626976064,3.62262946,1.024503351,2.538778051,34.62030017,5.279579291,6.784262386,20.68309807,6.554663332,2.727013307,1.719295266,0.913600413,2.399699773,4.428324313,1.624578163,1.543049517,1.10423357,3.307305433,5.521167852,1.22772549,1.537654239,0.636642808,1.385986979,3.240164195,9.806217559,3.249755801,1.467928849,,,,,,,0.316888381,,0.537959328,6.050014956,0.9312914,0.35127754,0.760059589,1.028455632,0.180514152,0.337276443,2.369248251,0.100935918,0.227105816,0.450625751,0.22830111,0.239058754,1.467820747,1.534757198,2.404931061,0.34902578,0.236668166,0.140918844,0.829533875,1.923227673,1.816846527,0.472141038,2.504734442,2.084004539,0.901953151,2.172000696,3.071516135,,,3.214122241,,0.800294295,6.019897929,2.600535252,0.697519659,2.092558978,5.625647687,,3.063021113,10.00789076,1.834779973,7.619644104,12.28999313,,1.653225999,,,,,,,,,,,,5.800275662,,6.998454672,5.718581639,,2.632362977,,,,,,,,,1.209752621,,,2.227044599,,,,,,,,,,,,,1.47094921,,,,,102.3070255,120.9899366,32.5106835,64.10348039,1385.289567,170.3346812,163.1769275,269.1858803,339.4273516,87.7542715,101.1537815,121.8526373,32.02271953,50.32448403,69.16083839,58.99889461,165.8329703,361.4799714,2.270804599,35.3536455,42.06781859,154.528647,543.4084159,1.238793808,,1.250775367,161.7093717,53.26816228,35.66586506,1233.786411,116.5434795,20.78855628,21.27607144,18.26050301,0.794827533,75.02690197,65.09883978,14.95854285,72.9929863,384.4077971,,4.158710783,143.4286159,49.39245395,149.146966,364.3634042,2.307598403,,17.0502712,1.59014632,16.24367095,4.135756487,13.06584624,5.345158142,0.233836818,3.81681746,1.761141661,0.828406245,1.89639911,1.694403837,3.604514286,,1.095887466,0.426383451,0.159773669,1.691252432,2.671364218,1.670426824,42.75987994,107.8535211,11.47034723,21.15866384,284.0405266,47.5669636,10.76874105,4.248941692,25.72050814,7.29300859,11.74256661,13.20426731,178.9770601,215.4149644,2.249305798,2.327622426,1.842339311,11.39956275,23.22554915,11.60447399,2.670121162,1.346599824,19.2783592,2.115547272,16.20810327,101.7659699,14.87493791,0.55849366,,21.04994766,15.1251542,5.72801163,2.280517548,3.192452465,10.3892499,,1.034673061,1.120519297,4.656573307,16.11933482,47.42161041,,,0.668196392,0.191698575,2.485490544,1.957033442,6.427916174,3.921203855,7.101848916,5.399385976,3.934277447,3.946230547,2.947250844,1613.183402,23.05861549,246.6019396,9266.360581,5217.709081,440.5399617,1213.04896,4583.19543,792.2156134,773.0716985,73.12079985,826.7823597,592.2149481,250.4776125,730.3851248,2316.80698,3.342588304,50.60386709,340.1070154,2473.606775
358,18.77375769,1.111977866,3.441449745,84.04562473,71.18856073,16.4329072,19.07460117,49.68533839,9.497763182,10.48854415,11.89276498,9.524121452,76.62349002,28.09057539,7.52613092,10.3468903,47.86668536,6.018471582,9.541693632,37.71704948,2.141236757,6.59091012,35.85627699,3.53200814,3.54079423,2.193504057,,,,34.94985895,0.677692163,,0.685706959,0.923591622,,,5.063675829,2.375336015,,37.24581392,8.608927677,2.479374789,13.83664836,0.888944458,0.872700602,2.928958021,1.515764268,,,1.00672248,6.509248831,,1.413193753,,1.139995856,11.95348568,1.667549592,4.385271142,1.077890953,2.713311709,36.82531599,5.824139018,7.329154498,19.58977035,7.460189751,2.424152184,2.061915306,1.031272642,1.808034503,5.853117968,2.120503184,1.622191235,1.111279743,4.021144332,3.651347728,1.300902874,1.927730167,0.701794577,1.39791936,2.933803722,8.735263561,2.298786725,3.359448065,,,,0.58997564,,,0.264753262,,0.398709388,6.822360633,0.658799382,0.346431117,0.598612593,0.857162287,0.209145721,0.323505529,2.367703851,0.144279693,0.265170889,0.441495861,0.27063833,0.296608675,1.596492774,1.828859017,3.865480793,0.414158656,0.318478439,0.235099963,1.282114916,1.943675278,2.754223408,0.642424318,2.084004539,2.326877249,,2.070830974,2.683905933,,1.253397695,2.615786494,,0.690062639,8.178405298,5.415053338,0.815343083,1.695693249,7.243331655,,4.347394625,11.47209753,2.072513971,8.227252429,12.74910109,0.542745896,,,,,,,,,,,2.820502223,,11.58350345,,7.069588065,8.231257465,,3.208420249,,,,,,,,,1.298119361,,,2.674857218,,,,,,,,,,,,,1.476382231,,,,,90.44791236,135.3133727,35.958659,65.69363899,1703.541927,142.0793519,155.6346247,249.3713749,327.8852714,91.7798165,115.5886847,152.0131112,30.11824186,37.86150752,85.29279249,76.58824689,204.0874306,428.2078283,1.497259153,29.8809684,39.4642481,178.0757263,672.3404835,0.671573907,,0.560080816,161.6847886,34.43509428,25.72723048,1179.142094,109.787625,23.1773367,24.83627223,15.41001236,0.704299816,93.49998304,118.5775141,20.29898826,68.72868555,365.5675754,,4.397703356,120.6970523,46.40988943,141.7151804,322.9907817,2.291567583,,19.71631107,1.531047394,13.75839906,2.935058144,16.77373948,4.614833575,0.241988925,3.017769088,1.500769008,1.016057823,1.445511159,1.108166965,2.663094847,,1.218155902,0.275714299,,1.24736508,2.150754933,1.053471897,37.39201747,106.6098283,8.487079586,18.63111644,333.711208,53.02525595,12.07847059,4.17100526,24.31234513,6.410960392,10.65711881,14.58062501,203.2864698,251.1118522,2.732621243,2.298913211,0.943512164,9.469544459,22.59550092,11.70897792,4.241687785,1.334006606,39.70836303,3.004100103,14.69108332,91.11522246,21.56347419,,,20.31821342,22.5223655,17.47796691,3.82261752,3.994819093,13.92767021,,1.002305632,1.198104871,4.767853548,13.52858877,36.43043436,,,0.538074543,0.245198526,2.267177587,2.234432931,7.191990675,5.219855889,5.648804997,4.864199326,3.268300718,4.104501772,6.649288074,2285.07738,48.09015978,207.9977663,10412.24699,5110.966743,404.300986,1498.107375,4993.764506,1034.035002,953.1255224,84.71220502,1081.352629,836.3398914,342.7843904,805.26543,2393.499398,3.136749101,58.08646636,381.191603,2711.882762
226,18.24312955,1.468672999,3.435589365,94.81633894,79.46191999,17.09960317,19.1718708,65.29810483,12.76628087,18.83086956,20.87909467,10.91045575,77.24123746,45.22737061,14.09434901,20.17501729,91.64527205,7.064108522,13.40983313,73.58828592,4.199331534,12.78685343,73.25500564,3.292592955,3.040528423,,,,,47.29466954,0.960742984,,1.583828404,1.427271239,,,4.851494868,4.412138908,,41.65108467,7.785469682,4.147552898,18.69116027,,1.333869632,5.70454842,2.2000401,,,,7.302069568,3.50450832,,,,16.60610684,1.805377138,4.073771258,1.273102154,2.731411102,34.46091431,5.791214079,7.680634636,18.87552925,8.952958611,4.84806016,2.46449543,1.086339002,2.545426129,7.453406134,4.019298672,2.553207927,2.083965507,6.473677765,4.628613457,1.822497094,3.655110525,1.066884507,2.591338737,10.32022052,9.185634371,2.6582622,4.587914725,,,,,,,0.441803621,,0.867244144,10.82769508,1.110353015,0.410232099,0.82661768,1.111728989,0.260497383,0.49638084,2.270634669,,0.272133749,0.33325754,0.271543181,,1.518846487,1.813728916,3.954656145,0.36780577,0.161579413,,0.935140856,2.03590061,2.371177893,0.741245559,3.12449739,,,2.612940998,,,,3.617918305,,,5.492990154,4.544885004,,1.742549147,4.996363647,,3.62687843,12.67150057,1.939686021,5.929419508,8.563044924,,,,,,,,,,,,,,,,,,,,,,,,,,,,2.753165827,,,,,,,,,,,,,,,,,,,,,85.34441553,149.4553767,45.3041174,73.23275562,2139.923581,142.4371266,189.4769213,253.2269464,355.6038523,112.3698193,119.3645669,148.8229733,28.81392848,35.68982255,79.87504493,83.53505203,238.2603542,610.209091,1.503967997,28.27504552,53.27834453,236.8077382,878.8886459,1.7989956,,0.676201718,237.5396545,38.25179597,30.06885218,1846.580806,126.8038992,30.65592594,32.46410085,25.21575513,0.727999587,114.189531,208.2951479,31.62830264,95.37797097,548.5466174,,7.236225887,225.7495311,64.4608093,231.3807771,497.4892309,2.186421331,,25.10694696,1.357854936,13.32607748,2.931257182,21.99470729,3.528905356,0.163660007,2.970101765,1.457879716,1.24456564,1.609271084,0.858898201,2.401259024,,0.997893575,0.408027595,0.183397865,1.418926441,2.334710398,2.059345481,50.7984636,145.7551781,12.03217166,22.87407428,362.4984236,78.93758629,17.88266601,7.212959606,37.20953155,8.580340838,18.85973799,22.75163295,221.1491219,305.2118022,4.022949153,2.616175276,1.41898709,11.71062846,28.6019178,16.1726226,4.316731346,1.781199514,17.36529509,1.643392852,20.02464936,127.906013,9.824895593,0.950596252,,28.58942762,17.90811396,6.358235419,3.308470067,3.479507291,13.0141442,,1.328798145,1.951146644,3.607650435,16.92136031,60.75983999,,,0.499044642,0.238265675,2.072168388,2.610849612,7.281464811,5.992182132,6.000400225,5.512500505,3.476604813,4.672086851,3.898069053,3642.425961,69.98317746,304.4739935,17608.65524,8528.598014,473.2391637,1779.962731,8005.080196,1973.619947,1942.377889,96.0242734,1299.478506,1437.932954,695.5003982,1427.494744,4702.274439,7.008885184,98.10465821,725.1108691,4788.537837
7,22.37470337,2.315120335,5.032870294,108.6894707,108.1737961,25.5185256,35.17872455,92.59898693,11.58828573,11.19906893,11.84917918,19.85030427,159.4462278,52.38907275,11.23586763,13.76271122,51.0275211,9.411650054,25.62911871,98.5722046,2.772929171,9.532560781,62.7116188,4.33794294,4.368599781,,,,,54.86255312,1.245586381,,1.77622495,1.667870182,,,11.90978289,,,41.53903953,3.892410662,1.376841947,13.40492735,,,9.148568174,3.515184345,,,1.322922322,5.977149672,3.696470582,1.936913247,,,10.44615704,1.675002285,2.85517257,1.000965221,2.732473608,27.91562845,3.458980623,6.801720123,19.76744866,7.009985468,7.13833504,2.39182254,0.890374709,2.083460674,6.759744162,2.585557744,2.271545268,2.126243865,5.056488826,4.820777661,1.549881633,2.554883004,0.832254148,2.36437672,10.85724373,9.110397972,2.759112198,2.501134039,,,,,,,0.310090723,,0.384035434,5.340716375,0.970822494,0.267377052,0.584348234,1.153602602,0.258751986,0.446347175,2.581051056,,0.277417773,0.380231765,0.283888502,0.252593706,1.448501962,1.154777953,2.949310939,0.579400785,0.253487843,,0.77253438,1.543056951,1.740214162,0.76046353,3.187907934,,,3.596607943,,,,2.805864352,,,7.031246295,3.670056206,,1.816859508,5.486915714,,4.087933893,11.84592399,2.543603311,8.321216546,10.86481986,,,,,,,,,,,,,,5.58605224,,7.615388291,,,,,,,,,,,,,,,2.064271135,,,,,,,,,,,,,,,,,,123.5948172,228.5363982,41.41327089,78.72376671,2582.494707,334.7362992,187.2175587,374.5912987,865.2303229,196.5775582,212.540481,188.7270647,47.11041626,81.0084137,141.2154864,110.2438157,284.9027348,571.7331081,8.394072274,69.30750173,54.98890983,238.3774772,872.2643947,3.044631858,,0.623518957,340.7686319,68.48986924,47.80287747,2026.424582,189.4452984,38.51635863,45.16869879,27.64416355,0.789841666,132.2145322,162.7126192,33.75862139,124.2473633,596.1146061,,7.970448908,242.3417231,77.89544339,267.4444886,614.5235299,2.319923268,,30.7161373,2.538446783,14.45574957,4.452023066,26.31860394,4.956307554,0.213383562,4.064326914,2.085186254,1.185691903,1.856479517,0.969338323,2.816270477,,1.148809579,,0.20401656,1.964233258,3.948976935,3.895372756,66.31806981,163.2356292,14.27366592,28.95886986,541.9867639,107.4768686,20.90186028,7.461338463,48.57695866,9.402565389,21.9312314,24.12509902,325.2384547,423.0967961,4.641716923,3.347066881,1.872714923,17.36917483,39.38026105,23.41612372,5.397814006,1.700017296,15.8839445,2.887094771,20.84934459,161.9086254,12.93522112,,,29.05835594,20.38910824,6.708699278,3.932455192,5.676868948,12.61774206,,1.062437213,1.535221773,4.116813359,17.63861227,73.11059626,,,0.913664438,0.328318843,5.839402424,3.997922407,15.00137019,8.652563466,13.40157519,8.058413144,7.151616893,7.513821628,5.476352991,3146.966711,84.84620407,271.1203925,16358.60614,7556.3466,625.2898861,2634.654984,7721.402362,1475.500061,1414.574981,138.402423,1922.22472,1285.068856,511.9251158,1102.086337,3377.941889,5.238364109,105.0986629,759.5882866,5256.819465