tank,treatment,rep_type,date,day,ph_with_correction,alkalinity,spectrometery_temperature,salinity,insitu_temperature
H1,T,H,1/20/2023,1,7.693308117,2516.11,25,30.52,10.1
H2,T,H,1/20/2023,1,7.710139679,2434,25,30.51,10
H3,C,H,1/20/2023,1,7.681082307,2524.5,25,30.51,10.1
H4,C,H,1/20/2023,1,7.68969944,2541.5,25,30.5,10
B1,C,B,1/20/2023,1,7.656506719,2501.6,25,30.47,10.1
B2,T,B,1/20/2023,1,7.690276359,2513.3,25,30.52,10
B3,T,B,1/20/2023,1,7.676709141,2513.8,25,30.55,10
B4,C,B,1/20/2023,1,7.676439368,2497.2,25,30.54,10
B5,C,B,1/20/2023,1,7.654430912,2493.8,25,30.55,10
B6,T,B,1/20/2023,1,7.678579033,2501.9,25,30.53,10
B7,T,B,1/20/2023,1,7.677674506,2506.2,25,30.55,10
B8,C,B,1/20/2023,1,7.658746971,2490.6,25,30.54,10
H1,T,H,1/23/2023,4,,,25,,
H2,T,H,1/23/2023,4,,,25,,
H3,C,H,1/23/2023,4,,,25,,
H4,C,H,1/23/2023,4,,,25,,
B1,C,B,1/23/2023,4,,,25,,
B2,T,B,1/23/2023,4,,,25,,
B3,T,B,1/23/2023,4,,,25,,
B4,C,B,1/23/2023,4,,,25,,
B5,C,B,1/23/2023,4,,,25,,
B6,T,B,1/23/2023,4,,,25,,
B7,T,B,1/23/2023,4,,,25,,
B8,C,B,1/23/2023,4,,,25,,
H1,T,H,1/25/2023,6,7.697798301,2516.11,25,29.63,9.9
H2,T,H,1/25/2023,6,7.701515451,2434,25,29.65,10.3
H3,C,H,1/25/2023,6,7.68170778,2524.5,25,29.63,10
H4,C,H,1/25/2023,6,7.697590009,2541.5,25,29.65,10.1
B1,C,B,1/25/2023,6,7.639604822,2501.6,25,29.58,10
B2,T,B,1/25/2023,6,7.657759643,2513.3,25,29.61,10
B3,T,B,1/25/2023,6,7.647883279,2513.8,25,29.6,10
B4,C,B,1/25/2023,6,7.653317212,2497.2,25,29.61,10
B5,C,B,1/25/2023,6,7.625353544,2493.8,25,29.6,9.9
B6,T,B,1/25/2023,6,7.652292155,2501.9,25,29.61,10
B7,T,B,1/25/2023,6,7.649098673,2506.2,25,29.61,9.9
B8,C,B,1/25/2023,6,7.642660283,2490.6,25,29.62,10
H1,T,H,1/27/2023,8,7.7194814,2516.11,25,29.58,9.9
H2,T,H,1/27/2023,8,7.715273559,2434,25,29.59,10.1
H3,C,H,1/27/2023,8,7.690322227,2524.5,25,29.58,10
H4,C,H,1/27/2023,8,7.721482625,2541.5,25,29.57,10
B1,C,B,1/27/2023,8,7.668762114,2501.6,25,29.57,10
B2,T,B,1/27/2023,8,7.685178115,2513.3,25,29.57,10
B3,T,B,1/27/2023,8,7.677096634,2513.8,25,29.57,10
B4,C,B,1/27/2023,8,7.685297627,2497.2,25,29.56,10
B5,C,B,1/27/2023,8,7.655707734,2493.8,25,29.57,10
B6,T,B,1/27/2023,8,7.682058401,2501.9,25,29.57,10.1
B7,T,B,1/27/2023,8,7.684573691,2506.2,25,29.57,9.9
B8,C,B,1/27/2023,8,7.678491183,2490.6,25,29.58,10
H1,T,H,1/30/2023,11,7.714096042,2516.11,25,28.71,10
H2,T,H,1/30/2023,11,7.704561436,2434,25,28.69,10
H3,C,H,1/30/2023,11,7.692106086,2524.5,25,28.69,9.9
H4,C,H,1/30/2023,11,7.717649046,2541.5,25,28.71,10.3
B1,C,B,1/30/2023,11,7.646846122,2501.6,25,28.85,9.7
B2,T,B,1/30/2023,11,7.66648256,2513.3,25,28.86,9.8
B3,T,B,1/30/2023,11,7.682998286,2513.8,25,28.89,9.7
B4,C,B,1/30/2023,11,7.683149362,2497.2,25,28.89,9.7
B5,C,B,1/30/2023,11,7.6591642,2493.8,25,28.81,9.6
B6,T,B,1/30/2023,11,7.682409157,2501.9,25,28.88,9.7
B7,T,B,1/30/2023,11,7.667156407,2506.2,25,28.88,9.7
B8,C,B,1/30/2023,11,7.676763443,2490.6,25,28.88,9.7
H1,T,H,2/1/2023,13,7.704041753,2516.11,25,29.5,10
H2,T,H,2/1/2023,13,7.683682845,2434,25,29.49,10.1
H3,C,H,2/1/2023,13,7.661565881,2524.5,25,29.47,10
H4,C,H,2/1/2023,13,7.649897763,2541.5,25,29.48,10.1
B1,C,B,2/1/2023,13,7.629266341,2501.6,25,29.41,9.9
B2,T,B,2/1/2023,13,7.642675492,2513.3,25,29.47,9.9
B3,T,B,2/1/2023,13,7.476925968,2513.8,25,29.47,9.8
B4,C,B,2/1/2023,13,7.602224243,2497.2,25,29.5,9.9
B5,C,B,2/1/2023,13,7.609307066,2493.8,25,29.48,9.8
B6,T,B,2/1/2023,13,7.597126206,2501.9,25,29.5,9.9
B7,T,B,2/1/2023,13,7.472449164,2506.2,25,29.47,9.9
B8,C,B,2/1/2023,13,7.589289905,2490.6,25,29.5,9.9
H1,T,H,2/3/2023,15,7.448625138,2516.11,25,29.64,9.9
H2,T,H,2/3/2023,15,7.37236398,2434,25,29.59,10.1
H3,C,H,2/3/2023,15,7.608157805,2524.5,25,29.58,10
H4,C,H,2/3/2023,15,7.609310476,2541.5,25,29.57,10
B1,C,B,2/3/2023,15,7.579760469,2501.6,25,29.54,9.7
B2,T,B,2/3/2023,15,7.39594889,2513.3,25,29.57,9.8
B3,T,B,2/3/2023,15,7.435843022,2513.8,25,29.55,9.8
B4,C,B,2/3/2023,15,7.588822379,2497.2,25,29.55,9.8
B5,C,B,2/3/2023,15,7.573663013,2493.8,25,29.55,9.7
B6,T,B,2/3/2023,15,7.383990969,2501.9,25,29.57,9.8
B7,T,B,2/3/2023,15,7.413599292,2506.2,25,29.56,9.8
B8,C,B,2/3/2023,15,7.576498041,2490.6,25,29.55,9.7
H1,T,H,2/6/2023,18,7.314383263,2516.11,25,29.5,9.9
H2,T,H,2/6/2023,18,7.320182615,2434,25,29.5,10.1
H3,C,H,2/6/2023,18,7.638848467,2524.5,25,29.5,10.2
H4,C,H,2/6/2023,18,7.65710578,2541.5,25,29.5,10
B1,C,B,2/6/2023,18,7.627880146,2501.6,25,29.48,10
B2,T,B,2/6/2023,18,7.336451371,2513.3,25,29.49,10
B3,T,B,2/6/2023,18,7.33011135,2513.8,25,29.46,10
B4,C,B,2/6/2023,18,7.629197636,2497.2,25,29.43,10.1
B5,C,B,2/6/2023,18,7.616727763,2493.8,25,29.49,9.9
B6,T,B,2/6/2023,18,7.333032274,2501.9,25,29.52,9.9
B7,T,B,2/6/2023,18,7.315379438,2506.2,25,29.51,9.9
B8,C,B,2/6/2023,18,7.648842066,2490.6,25,29.53,9.9
H1,T,H,2/8/2023,20,7.236549383,2516.11,25,29.55,10
H2,T,H,2/8/2023,20,7.217663918,2434,25,29.55,10.1
H3,C,H,2/8/2023,20,7.595855276,2524.5,25,29.55,10.1
H4,C,H,2/8/2023,20,7.605892862,2541.5,25,29.56,10.1
B1,C,B,2/8/2023,20,7.567743361,2501.6,25,29.56,9.9
B2,T,B,2/8/2023,20,7.248594831,2513.3,25,29.56,9.9
B3,T,B,2/8/2023,20,7.249884432,2513.8,25,29.55,9.9
B4,C,B,2/8/2023,20,7.551448355,2497.2,25,29.57,9.9
B5,C,B,2/8/2023,20,7.565806822,2493.8,25,29.55,9.9
B6,T,B,2/8/2023,20,7.246741418,2501.9,25,29.55,9.9
B7,T,B,2/8/2023,20,7.258322845,2506.2,25,29.56,10
B8,C,B,2/8/2023,20,7.576061415,2490.6,25,29.56,9.9
H1,T,H,2/10/2023,22,7.190156823,2516.11,25,29.57,10.7
H2,T,H,2/10/2023,22,7.138334703,2434,25,29.55,10.6
H3,C,H,2/10/2023,22,7.638180847,2524.5,25,29.54,10.6
H4,C,H,2/10/2023,22,7.646072037,2541.5,25,29.54,10.5
B1,C,B,2/10/2023,22,7.598387423,2501.6,25,29.5,10.4
B2,T,B,2/10/2023,22,7.158764073,2513.3,25,29.51,10.4
B3,T,B,2/10/2023,22,7.178746466,2513.8,25,29.51,10.4
B4,C,B,2/10/2023,22,7.601837735,2497.2,25,29.5,10.4
B5,C,B,2/10/2023,22,7.588049559,2493.8,25,29.5,10.3
B6,T,B,2/10/2023,22,7.180431323,2501.9,25,29.52,10.4
B7,T,B,2/10/2023,22,7.182579598,2506.2,25,29.51,10.4
B8,C,B,2/10/2023,22,7.598755672,2490.6,25,29.5,10.4
H1,T,H,2/13/2023,25,7.192131713,2494.9,25,29.53,11.8
H2,T,H,2/13/2023,25,7.198699796,2505.3,25,29.53,12
H3,C,H,2/13/2023,25,7.664392306,2507.1,25,29.14,11.7
H4,C,H,2/13/2023,25,7.677873209,2495.2,25,29.53,11.9
B1,C,B,2/13/2023,25,7.631566678,2485.1,25,29.54,11.5
B2,T,B,2/13/2023,25,7.19544458,2505,25,29.55,11.6
B3,T,B,2/13/2023,25,7.211526503,2509.1,25,29.52,11.5
B4,C,B,2/13/2023,25,7.635541142,2507.9,25,29.54,11.5
B5,C,B,2/13/2023,25,7.626769731,2492.6,25,29.55,11.4
B6,T,B,2/13/2023,25,7.192435092,2505.2,25,29.58,11.6
B7,T,B,2/13/2023,25,7.204362965,2517.3,25,29.53,11.5
B8,C,B,2/13/2023,25,7.634479138,2495.8,25,29.54,11.5
H1,T,H,2/15/2023,27,7.207516042,2494.9,25,29.54,13.8
H2,T,H,2/15/2023,27,7.208061865,2505.3,25,29.55,13.8
H3,C,H,2/15/2023,27,7.681453951,2507.1,25,29.53,13.8
H4,C,H,2/15/2023,27,7.699993231,2495.2,25,29.56,13.8
B1,C,B,2/15/2023,27,7.612261441,2485.1,25,29.57,12.1
B2,T,B,2/15/2023,27,7.209127201,2505,25,29.57,12.2
B3,T,B,2/15/2023,27,7.211615154,2509.1,25,29.55,12.3
B4,C,B,2/15/2023,27,7.611833098,2507.9,25,29.55,12.3
B5,C,B,2/15/2023,27,7.620699585,2492.6,25,29.47,12.2
B6,T,B,2/15/2023,27,7.205809966,2505.2,25,29.55,12.4
B7,T,B,2/15/2023,27,7.239230046,2517.3,25,29.49,12.2
B8,C,B,2/15/2023,27,7.621290038,2495.8,25,29.45,12.5
H1,T,H,2/17/2023,29,7.233246859,2494.9,25,29.54,14.5
H2,T,H,2/17/2023,29,7.203306386,2505.3,25,29.54,14.6
H3,C,H,2/17/2023,29,7.674757618,2507.1,25,29.52,14.3
H4,C,H,2/17/2023,29,7.69636791,2495.2,25,29.52,14.4
B1,C,B,2/17/2023,29,7.628231961,2485.1,25,29.53,13.7
B2,T,B,2/17/2023,29,7.203615687,2505,25,29.54,13.7
B3,T,B,2/17/2023,29,7.195581304,2509.1,25,29.54,13.7
B4,C,B,2/17/2023,29,7.640704962,2507.9,25,29.53,13.7
B5,C,B,2/17/2023,29,7.638764855,2492.6,25,29.54,13.6
B6,T,B,2/17/2023,29,7.189994265,2505.2,25,29.57,13.7
B7,T,B,2/17/2023,29,7.203723971,2517.3,25,29.55,13.7
B8,C,B,2/17/2023,29,7.641136027,2495.8,25,29.54,13.6
H1,T,H,2/20/2023,32,7.219839463,2494.9,25,29.51,16.2
H2,T,H,2/20/2023,32,7.202023211,2505.3,25,29.52,16.4
H3,C,H,2/20/2023,32,7.708921797,2507.1,25,29.49,16.1
H4,C,H,2/20/2023,32,7.730188977,2495.2,25,29.51,16.1
B1,C,B,2/20/2023,32,7.664611767,2485.1,25,29.5,15.5
B2,T,B,2/20/2023,32,7.235465126,2505,25,29.52,15.5
B3,T,B,2/20/2023,32,7.226152484,2509.1,25,29.5,15.5
B4,C,B,2/20/2023,32,7.688343178,2507.9,25,29.49,15.4
B5,C,B,2/20/2023,32,7.666210296,2492.6,25,29.51,15.4
B6,T,B,2/20/2023,32,7.239183252,2505.2,25,29.52,15.5
B7,T,B,2/20/2023,32,7.208967737,2517.3,25,29.52,15.5
B8,C,B,2/20/2023,32,7.675117886,2495.8,25,29.49,15.3
H1,T,H,2/22/2023,34,7.201962484,2494.9,25,29.5,17.3
H2,T,H,2/22/2023,34,7.238694221,2505.3,25,29.51,17.3
H3,C,H,2/22/2023,34,7.743988783,2507.1,25,29.51,17.2
H4,C,H,2/22/2023,34,7.767600921,2495.2,25,29.51,17.3
B1,C,B,2/22/2023,34,7.675579971,2485.1,25,29.51,16.1
B2,T,B,2/22/2023,34,7.253408839,2505,25,29.52,16.2
B3,T,B,2/22/2023,34,7.220271717,2509.1,25,29.5,16.3
B4,C,B,2/22/2023,34,7.695476823,2507.9,25,29.5,16.1
B5,C,B,2/22/2023,34,7.675634179,2492.6,25,29.5,16
B6,T,B,2/22/2023,34,7.2426466,2505.2,25,29.51,16.2
B7,T,B,2/22/2023,34,7.19252234,2517.3,25,29.51,16.1
B8,C,B,2/22/2023,34,7.699465897,2495.8,25,29.47,16
H1,T,H,2/24/2023,36,7.188579545,2469.9,25,29.47,18.8
H2,T,H,2/24/2023,36,7.219554203,2457.2,25,29.48,18.8
H3,C,H,2/24/2023,36,7.754170993,2375.3,25,29.49,18.7
H4,C,H,2/24/2023,36,7.764385456,2450,25,29.48,18.5
B1,C,B,2/24/2023,36,7.705247321,2467.5,25,29.5,17.3
B2,T,B,2/24/2023,36,7.255205923,2501.9,25,29.51,17.2
B3,T,B,2/24/2023,36,7.216613971,2493.7,25,29.51,17.2
B4,C,B,2/24/2023,36,7.711397639,2434.3,25,29.53,16.9
B5,C,B,2/24/2023,36,7.718327748,2444.3,25,29.51,17.2
B6,T,B,2/24/2023,36,7.249007298,2486.2,25,29.5,17.2
B7,T,B,2/24/2023,36,7.204980642,2470.8,25,29.5,17.1
B8,C,B,2/24/2023,36,7.701813692,2406.7,25,29.47,16.9
H1,T,H,2/27/2023,39,7.221971793,2469.9,25,29.47,20.3
H2,T,H,2/27/2023,39,7.215278046,2457.2,25,29.47,20.5
H3,C,H,2/27/2023,39,7.769604307,2375.3,25,29.46,20.5
H4,C,H,2/27/2023,39,7.779618998,2450,25,29.48,20.2
B1,C,B,2/27/2023,39,7.707046206,2467.5,25,29.49,19
B2,T,B,2/27/2023,39,7.234907921,2501.9,25,29.49,19
B3,T,B,2/27/2023,39,7.231730723,2493.7,25,29.5,19
B4,C,B,2/27/2023,39,7.709080541,2434.3,25,29.46,18.7
B5,C,B,2/27/2023,39,7.702405582,2444.3,25,29.52,18.9
B6,T,B,2/27/2023,39,7.241535221,2486.2,25,29.5,18.9
B7,T,B,2/27/2023,39,7.218246243,2470.8,25,29.5,18.9
B8,C,B,2/27/2023,39,7.699919621,2406.7,25,29.46,18.4
H1,T,H,3/1/2023,41,7.224551787,2469.9,25,29.47,21.6
H2,T,H,3/1/2023,41,7.262837604,2457.2,25,29.51,21.5
H3,C,H,3/1/2023,41,7.772833212,2375.3,25,29.46,21.6
H4,C,H,3/1/2023,41,7.798209142,2450,25,29.48,21.4
B1,C,B,3/1/2023,41,7.713055235,2467.5,25,29.49,19.8
B2,T,B,3/1/2023,41,7.272869038,2501.9,25,29.5,19.9
B3,T,B,3/1/2023,41,7.259285483,2493.7,25,29.5,19.9
B4,C,B,3/1/2023,41,7.729381602,2434.3,25,29.47,19.5
B5,C,B,3/1/2023,41,,2444.3,25,29.5,19.6
B6,T,B,3/1/2023,41,,2486.2,25,29.49,19.7
B7,T,B,3/1/2023,41,,2470.8,25,29.51,19.7
B8,C,B,3/1/2023,41,,2406.7,25,29.51,19.1
H1,T,H,3/3/2023,43,7.21958689,2469.9,25,29.49,21.4
H2,T,H,3/3/2023,43,7.242287003,2457.2,25,29.51,21.5
H3,C,H,3/3/2023,43,7.788281759,2375.3,25,29.5,21.5
H4,C,H,3/3/2023,43,7.82386662,2450,25,29.49,21.9
B1,C,B,3/3/2023,43,7.727659459,2467.5,25,29.49,19.8
B2,T,B,3/3/2023,43,7.244460016,2501.9,25,29.5,20
B3,T,B,3/3/2023,43,7.220982489,2493.7,25,29.48,20.1
B4,C,B,3/3/2023,43,7.757263966,2434.3,25,29.46,19.9
B5,C,B,3/3/2023,43,7.746162137,2444.3,25,29.49,19.8
B6,T,B,3/3/2023,43,7.251736335,2486.2,25,29.49,20
B7,T,B,3/3/2023,43,7.217339367,2470.8,25,29.47,19.9
B8,C,B,3/3/2023,43,7.739172507,2406.7,25,29.45,19.5
H1,T,H,3/6/2023,46,7.220213358,2469.9,25,29.48,21.5
H2,T,H,3/6/2023,46,7.255318158,2457.2,25,29.49,21.7
H3,C,H,3/6/2023,46,7.77616981,2375.3,25,29.47,21.3
H4,C,H,3/6/2023,46,7.798366743,2450,25,29.48,21.7
B1,C,B,3/6/2023,46,7.704492854,2467.5,25,29.45,20
B2,T,B,3/6/2023,46,7.248407363,2501.9,25,29.47,20.1
B3,T,B,3/6/2023,46,7.250948943,2493.7,25,29.46,20.2
B4,C,B,3/6/2023,46,7.710733404,2434.3,25,29.44,20
B5,C,B,3/6/2023,46,7.703918915,2444.3,25,29.49,19.8
B6,T,B,3/6/2023,46,7.27578512,2486.2,25,29.49,20
B7,T,B,3/6/2023,46,7.262181581,2470.8,25,29.47,20
B8,C,B,3/6/2023,46,7.702313311,2406.7,25,29.43,19.6
H1,T,H,3/8/2023,48,7.231989214,2482.1,25,29.42,20.6
H2,T,H,3/8/2023,48,7.250651292,2486.3,25,29.43,20
H3,C,H,3/8/2023,48,7.703579531,2451.2,25,29.43,19.3
H4,C,H,3/8/2023,48,7.752069272,2456.9,25,29.4,20.5
B1,C,B,3/8/2023,48,7.683546666,2449.2,25,29.41,18.5
B2,T,B,3/8/2023,48,7.282805814,2456.1,25,29.45,19.4
B3,T,B,3/8/2023,48,7.236480335,2452.6,25,29.45,19.4
B4,C,B,3/8/2023,48,7.740318946,2427.9,25,29.56,18.9
B5,C,B,3/8/2023,48,7.691249532,2412.7,25,29.42,18.5
B6,T,B,3/8/2023,48,7.26340491,2452.3,25,29.44,19.4
B7,T,B,3/8/2023,48,7.256361511,2470.3,25,29.43,19.3
B8,C,B,3/8/2023,48,7.715716379,2377.5,25,29.4,19.1
H1,T,H,3/10/2023,50,7.219712758,2482.1,25,29.48,21.1
H2,T,H,3/10/2023,50,7.253817406,2486.3,25,29.48,21.3
H3,C,H,3/10/2023,50,7.715214678,2451.2,25,29.47,21.4
H4,C,H,3/10/2023,50,7.763733994,2456.9,25,29.47,21.1
B1,C,B,3/10/2023,50,7.69587731,2449.2,25,29.46,20.4
B2,T,B,3/10/2023,50,7.296981345,2456.1,25,29.48,20.4
B3,T,B,3/10/2023,50,7.253610615,2452.6,25,29.48,20.4
B4,C,B,3/10/2023,50,7.71066858,2427.9,25,29.44,20.1
B5,C,B,3/10/2023,50,7.678425211,2412.7,25,29.5,20.2
B6,T,B,3/10/2023,50,7.290111687,2452.3,25,29.5,20.3
B7,T,B,3/10/2023,50,7.23154338,2470.3,25,29.48,20.3
B8,C,B,3/10/2023,50,7.706480306,2377.5,25,29.44,19.9
H1,T,H,3/13/2023,53,7.227459571,2482.1,25,29.49,21
H2,T,H,3/13/2023,53,7.242526616,2486.3,25,29.5,21.2
H3,C,H,3/13/2023,53,7.731860712,2451.2,25,29.5,21.3
H4,C,H,3/13/2023,53,7.754658734,2456.9,25,29.48,21.2
B1,C,B,3/13/2023,53,7.682418562,2449.2,25,29.49,20.1
B2,T,B,3/13/2023,53,7.254225038,2456.1,25,29.49,20.2
B3,T,B,3/13/2023,53,7.251959496,2452.6,25,29.48,20.2
B4,C,B,3/13/2023,53,7.703529122,2427.9,25,29.49,20
B5,C,B,3/13/2023,53,7.692442535,2412.7,25,29.48,20.1
B6,T,B,3/13/2023,53,7.244843726,2452.3,25,29.5,20.2
B7,T,B,3/13/2023,53,7.224257002,2470.3,25,29.49,20.2
B8,C,B,3/13/2023,53,7.690220883,2377.5,25,29.48,19.9
H1,T,H,3/15/2023,55,7.22617945,2482.1,25,29.48,21
H2,T,H,3/15/2023,55,7.242416462,2486.3,25,29.52,21.4
H3,C,H,3/15/2023,55,7.722833389,2451.2,25,29.52,21.3
H4,C,H,3/15/2023,55,7.720741486,2456.9,25,29.54,21.3
B1,C,B,3/15/2023,55,7.703870667,2449.2,25,29.52,19.9
B2,T,B,3/15/2023,55,7.279829008,2456.1,25,29.54,20
B3,T,B,3/15/2023,55,7.254002005,2452.6,25,29.53,20
B4,C,B,3/15/2023,55,7.699505903,2427.9,25,29.52,19.8
B5,C,B,3/15/2023,55,7.684987322,2412.7,25,29.54,20
B6,T,B,3/15/2023,55,7.256042004,2452.3,25,29.54,20
B7,T,B,3/15/2023,55,7.251449141,2470.3,25,29.53,19.9
B8,C,B,3/15/2023,55,7.717460012,2377.5,25,29.52,19.6
H1,T,H,3/17/2023,57,7.218026372,2482.1,25,29.5,21.1
H2,T,H,3/17/2023,57,7.214893519,2486.3,25,29.5,21
H3,C,H,3/17/2023,57,7.703798198,2451.2,25,29.49,21.3
H4,C,H,3/17/2023,57,7.727329379,2456.9,25,29.52,21.1
B1,C,B,3/17/2023,57,7.682888487,2449.2,25,29.5,20.2
B2,T,B,3/17/2023,57,7.266597125,2456.1,25,29.54,20.2
B3,T,B,3/17/2023,57,7.230621778,2452.6,25,29.5,20.2
B4,C,B,3/17/2023,57,7.70015229,2427.9,25,29.51,20.1
B5,C,B,3/17/2023,57,7.666891678,2412.7,25,29.5,20.2
B6,T,B,3/17/2023,57,7.2642773,2452.3,25,29.54,20.2
B7,T,B,3/17/2023,57,7.243212032,2470.3,25,29.53,20.1
B8,C,B,3/17/2023,57,7.689672837,2377.5,25,29.55,20
H1,T,H,3/20/2023,60,7.242772759,2482.1,25,29.37,21.1
H2,T,H,3/20/2023,60,7.231263745,2486.3,25,29.4,21.3
H3,C,H,3/20/2023,60,7.740931231,2451.2,25,29.4,21.5
H4,C,H,3/20/2023,60,7.757742733,2456.9,25,29.39,21.3
B1,C,B,3/20/2023,60,7.689040457,2449.2,25,29.49,20.2
B2,T,B,3/20/2023,60,7.235080455,2456.1,25,29.42,.
B3,T,B,3/20/2023,60,7.280883742,2452.6,25,29.34,.
B4,C,B,3/20/2023,60,7.716080078,2427.9,25,29.46,20.2
B5,C,B,3/20/2023,60,7.706443043,2412.7,25,29.48,20.3
B6,T,B,3/20/2023,60,7.211557012,2452.3,25,29.42,.
B7,T,B,3/20/2023,60,7.253380161,2470.3,25,29.36,.
B8,C,B,3/20/2023,60,7.712480864,2377.5,25,29.42,20.2
H1,T,H,3/22/2023,62,7.215241493,2080.5,25,29.46,21.1
H2,T,H,3/22/2023,62,7.211082062,2079.4,25,29.48,21
H3,C,H,3/22/2023,62,7.715643535,2082.9,25,29.47,21.3
H4,C,H,3/22/2023,62,7.726550414,2074.1,25,29.49,21.2
B1,C,B,3/22/2023,62,7.663242087,2079.1,25,29.44,20
B2,T,B,3/22/2023,62,7.230138871,2087.8,25,29.46,20.2
B3,T,B,3/22/2023,62,7.236043279,2087.4,25,29.45,20
B4,C,B,3/22/2023,62,7.664699705,2099,25,29.47,20
B5,C,B,3/22/2023,62,7.658842573,2088.4,25,29.48,20.1
B6,T,B,3/22/2023,62,7.218050405,2088.4,25,29.47,20.2
B7,T,B,3/22/2023,62,7.229927294,2087.8,25,29.46,20.1
B8,C,B,3/22/2023,62,7.660086437,2081.7,25,29.45,19.9
H1,T,H,3/24/2023,64,7.21048842,2080.5,25,29.48,21.1
H2,T,H,3/24/2023,64,7.235188988,2079.4,25,29.49,21
H3,C,H,3/24/2023,64,7.734144949,2082.9,25,29.48,21.2
H4,C,H,3/24/2023,64,7.755991462,2074.1,25,29.48,21.1
B1,C,B,3/24/2023,64,7.701764803,2079.1,25,29.48,20.1
B2,T,B,3/24/2023,64,7.269361061,2087.8,25,29.54,20.2
B3,T,B,3/24/2023,64,7.257106056,2087.4,25,29.47,20.2
B4,C,B,3/24/2023,64,7.703411414,2099,25,29.47,20.1
B5,C,B,3/24/2023,64,7.705424838,2088.4,25,29.49,20.1
B6,T,B,3/24/2023,64,7.243239601,2088.4,25,29.49,20.2
B7,T,B,3/24/2023,64,7.234831902,2087.8,25,29.47,20.2
B8,C,B,3/24/2023,64,7.703116946,2081.7,25,29.47,20
H1,T,H,3/27/2023,67,7.213937424,2080.5,25,29.48,21.4
H2,T,H,3/27/2023,67,7.242500603,2079.4,25,29.52,21.4
H3,C,H,3/27/2023,67,7.742284991,2082.9,25,29.48,21.2
H4,C,H,3/27/2023,67,7.764310561,2074.1,25,29.51,21.3
B1,C,B,3/27/2023,67,7.699925529,2079.1,25,29.53,20.2
B2,T,B,3/27/2023,67,7.24753276,2087.8,25,29.54,20.3
B3,T,B,3/27/2023,67,7.217698618,2087.4,25,29.52,20.2
B4,C,B,3/27/2023,67,7.714492353,2099,25,29.52,20.1
B5,C,B,3/27/2023,67,7.716029509,2088.4,25,29.54,20.2
B6,T,B,3/27/2023,67,7.267726801,2088.4,25,29.51,20.2
B7,T,B,3/27/2023,67,7.258485426,2087.8,25,29.52,20.2
B8,C,B,3/27/2023,67,7.735744284,2081.7,25,29.51,20.1
H1,T,H,3/29/2023,69,7.246905766,2080.5,25,29.45,21.3
H2,T,H,3/29/2023,69,7.239403238,2079.4,25,29.46,21.2
H3,C,H,3/29/2023,69,7.736950964,2082.9,25,29.47,21.2
H4,C,H,3/29/2023,69,7.739409386,2074.1,25,29.5,21.4
B1,C,B,3/29/2023,69,7.678000705,2079.1,25,29.5,19.9
B2,T,B,3/29/2023,69,7.241599188,2087.8,25,29.5,20
B3,T,B,3/29/2023,69,7.22520246,2087.4,25,29.51,20
B4,C,B,3/29/2023,69,7.676258219,2099,25,29.51,20
B5,C,B,3/29/2023,69,7.689413508,2088.4,25,29.51,19.9
B6,T,B,3/29/2023,69,7.232410648,2088.4,25,29.51,19.9
B7,T,B,3/29/2023,69,7.222376222,2087.8,25,29.5,20
B8,C,B,3/29/2023,69,7.678110231,2081.7,25,29.48,20
H1,T,H,3/31/2023,71,,2080.5,25,29.47,21.3
H2,T,H,3/31/2023,71,,2079.4,25,29.51,21.3
H3,C,H,3/31/2023,71,,2082.9,25,29.51,21.2
H4,C,H,3/31/2023,71,,2074.1,25,29.51,21.3
B1,C,B,3/31/2023,71,,2079.1,25,29.49,20.2
B2,T,B,3/31/2023,71,,2087.8,25,29.5,20.3
B3,T,B,3/31/2023,71,,2087.4,25,29.5,20.2
B4,C,B,3/31/2023,71,,2099,25,29.49,20.1
B5,C,B,3/31/2023,71,,2088.4,25,29.52,20.2
B6,T,B,3/31/2023,71,,2088.4,25,29.52,20.2
B7,T,B,3/31/2023,71,,2087.8,25,29.51,20.2
B8,C,B,3/31/2023,71,,2081.7,25,29.5,20
H1,T,H,4/3/2023,74,7.207160701,2072.4,25,29.47,21.1
H2,T,H,4/3/2023,74,7.217707033,2073.5,25,29.48,21.2
H3,C,H,4/3/2023,74,7.77432035,2076.8,25,29.44,21.1
H4,C,H,4/3/2023,74,7.764368035,2073.4,25,29.45,21.2
B1,C,B,4/3/2023,74,7.728094818,2083.3,25,29.48,20
B2,T,B,4/3/2023,74,7.237484911,2084.9,25,29.51,20.2
B3,T,B,4/3/2023,74,7.222808846,2087.1,25,29.5,20
B4,C,B,4/3/2023,74,7.706820227,2084.5,25,29.53,19.9
B5,C,B,4/3/2023,74,7.711594318,2089.6,25,29.5,20.2
B6,T,B,4/3/2023,74,7.250561745,2086.4,25,29.5,20.1
B7,T,B,4/3/2023,74,7.233540565,2087.6,25,29.47,20
B8,C,B,4/3/2023,74,7.711363428,2082.9,25,29.45,19.9
H1,T,H,4/7/2023,78,7.221178543,2072.4,25,29.5,20.8
H2,T,H,4/7/2023,78,7.206170025,2073.5,25,29.49,20.7
H3,C,H,4/7/2023,78,7.75944298,2076.8,25,29.49,20.9
H4,C,H,4/7/2023,78,7.75621645,2073.4,25,29.48,20.9
B1,C,B,4/7/2023,78,7.71039143,2083.3,25,29.55,20.5
B2,T,B,4/7/2023,78,7.246011974,2084.9,25,29.55,20.5
B3,T,B,4/7/2023,78,7.255148039,2087.1,25,29.55,20.5
B4,C,B,4/7/2023,78,7.691969954,2084.5,25,29.55,20.5
B5,C,B,4/7/2023,78,7.695036076,2089.6,25,29.55,20.4
B6,T,B,4/7/2023,78,7.255801675,2086.4,25,29.55,20.4
B7,T,B,4/7/2023,78,7.238671314,2087.6,25,29.51,20.4
B8,C,B,4/7/2023,78,7.692509136,2082.9,25,29.51,20.5
H1,T,H,4/10/2023,81,7.245347351,2072.4,25,29.38,21.1
H2,T,H,4/10/2023,81,7.245508352,2073.5,25,29.4,20.8
H3,C,H,4/10/2023,81,7.7305905,2076.8,25,29.42,20.7
H4,C,H,4/10/2023,81,7.74394344,2073.4,25,29.41,20.8
B1,C,B,4/10/2023,81,7.700471824,2083.3,25,29.47,20.3
B2,T,B,4/10/2023,81,7.258952603,2084.9,25,29.47,20.3
B3,T,B,4/10/2023,81,7.266259575,2087.1,25,29.45,20.2
B4,C,B,4/10/2023,81,7.71293739,2084.5,25,29.48,20.3
B5,C,B,4/10/2023,81,7.700302997,2089.6,25,29.47,20.3
B6,T,B,4/10/2023,81,7.243870178,2086.4,25,29.44,20.2
B7,T,B,4/10/2023,81,7.231094639,2087.6,25,29.46,20.2
B8,C,B,4/10/2023,81,7.71542586,2082.9,25,29.45,20.3
H1,T,H,4/12/2023,83,7.223868925,2072.4,25,29.36,21
H2,T,H,4/12/2023,83,7.210905595,2073.5,25,29.52,20.9
H3,C,H,4/12/2023,83,7.710441811,2076.8,25,29.52,20.9
H4,C,H,4/12/2023,83,7.737264513,2073.4,25,29.49,20.6
B1,C,B,4/12/2023,83,7.673720805,2083.3,25,29.53,19.9
B2,T,B,4/12/2023,83,7.249962359,2084.9,25,29.53,19.8
B3,T,B,4/12/2023,83,7.236623512,2087.1,25,29.53,19.8
B4,C,B,4/12/2023,83,7.683917861,2084.5,25,29.53,19.7
B5,C,B,4/12/2023,83,7.666398064,2089.6,25,29.54,19.7
B6,T,B,4/12/2023,83,7.235708504,2086.4,25,29.53,19.7
B7,T,B,4/12/2023,83,7.220695052,2087.6,25,29.55,19.8
B8,C,B,4/12/2023,83,7.69996961,2082.9,25,29.54,19.8
H1,T,H,4/14/2023,85,7.224395751,2072.4,25,29.47,20.9
H2,T,H,4/14/2023,85,7.212499943,2073.5,25,29.46,20.8
H3,C,H,4/14/2023,85,7.737916464,2076.8,25,29.47,20.8
H4,C,H,4/14/2023,85,7.771302971,2073.4,25,29.5,20.9
B1,C,B,4/14/2023,85,7.674934048,2083.3,25,29.54,19.8
B2,T,B,4/14/2023,85,7.228994153,2084.9,25,29.5,20
B3,T,B,4/14/2023,85,7.234161711,2087.1,25,29.47,19.9
B4,C,B,4/14/2023,85,7.708213866,2084.5,25,29.5,19.9
B5,C,B,4/14/2023,85,7.663322789,2089.6,25,29.51,19.8
B6,T,B,4/14/2023,85,7.21535095,2086.4,25,29.51,19.9
B7,T,B,4/14/2023,85,7.219007787,2087.6,25,29.49,19.9
B8,C,B,4/14/2023,85,7.708653285,2082.9,25,29.5,19.9
H1,T,H,4/17/2023,88,7.202192972,2072.4,25,29.42,20.8
H2,T,H,4/17/2023,88,7.209972243,2073.5,25,29.44,21
H3,C,H,4/17/2023,88,7.73237176,2076.8,25,29.43,20.9
H4,C,H,4/17/2023,88,7.741196175,2073.4,25,29.44,21
B1,C,B,4/17/2023,88,7.678259465,2083.3,25,29.47,20.1
B2,T,B,4/17/2023,88,7.233480515,2084.9,25,29.47,20.1
B3,T,B,4/17/2023,88,7.223738494,2087.1,25,29.46,20
B4,C,B,4/17/2023,88,7.686250871,2084.5,25,29.47,20.1
B5,C,B,4/17/2023,88,7.657856252,2089.6,25,29.49,20
B6,T,B,4/17/2023,88,7.206702609,2086.4,25,29.48,19.9
B7,T,B,4/17/2023,88,7.213865963,2087.6,25,29.47,19.9
B8,C,B,4/17/2023,88,7.685583978,2082.9,25,29.48,20
H1,T,H,4/24/2023,95,7.215048212,2081.866667,25,29.6,22
H2,C,H,4/24/2023,95,7.842600008,2081.866667,25,29.57,22
S1,T,S,4/24/2023,95,7.461057824,2081.866667,25,29.57,21.5
S2,C,S,4/24/2023,95,7.849766106,2081.866667,25,29.59,21.6
S3,T,S,4/24/2023,95,7.444767968,2081.866667,25,29.55,21.6
S4,C,S,4/24/2023,95,7.85957619,2081.866667,25,29.58,21.7
S5,T,S,4/24/2023,95,7.409287173,2081.866667,25,29.56,21.6
S6,C,S,4/24/2023,95,7.772651313,2081.866667,25,29.6,21.8
H1,T,H,4/25/2023,96,,2081.866667,25,29.6,22
H2,C,H,4/25/2023,96,,2081.866667,25,29.58,22
S1,T,S,4/25/2023,96,,2081.866667,25,29.6,21.8
S2,C,S,4/25/2023,96,,2081.866667,25,29.61,21.8
S3,T,S,4/25/2023,96,,2081.866667,25,29.59,21.7
S4,C,S,4/25/2023,96,,2081.866667,25,29.62,21.6
S5,T,S,4/25/2023,96,,2081.866667,25,29.63,22
S6,C,S,4/25/2023,96,,2081.866667,25,29.58,21.8
H1,T,H,4/26/2023,97,7.182922921,2081.866667,25,29.46,21.9
H2,C,H,4/26/2023,97,7.83266614,2081.866667,25,29.4,21.3
S1,T,S,4/26/2023,97,7.428002803,2081.866667,25,29.48,21.8
S2,C,S,4/26/2023,97,7.816626076,2081.866667,25,29.47,21.8
S3,T,S,4/26/2023,97,7.38167028,2081.866667,25,29.48,21.9
S4,C,S,4/26/2023,97,7.818173325,2081.866667,25,29.43,21.9
S5,T,S,4/26/2023,97,7.312756036,2081.866667,25,29.53,21.9
S6,C,S,4/26/2023,97,7.804685535,2081.866667,25,29.47,22
H1,T,H,4/27/2023,98,,2081.866667,25,29.3,21.9
H2,C,H,4/27/2023,98,,2081.866667,25,29.38,21.9
S1,T,S,4/27/2023,98,,2081.866667,25,29.49,21.6
S2,C,S,4/27/2023,98,,2081.866667,25,29.49,21.7
S3,T,S,4/27/2023,98,,2081.866667,25,29.46,21.7
S4,C,S,4/27/2023,98,,2081.866667,25,29.45,21.7
S5,T,S,4/27/2023,98,,2081.866667,25,29.47,21.8
S6,C,S,4/27/2023,98,,2081.866667,25,29.5,21.8
H1,T,H,4/28/2023,99,7.241465938,2081.866667,25,28.63,22
H2,C,H,4/28/2023,99,7.761058566,2081.866667,25,28.74,21.9
S1,T,S,4/28/2023,99,7.374405901,2081.866667,25,29.28,21.6
S2,C,S,4/28/2023,99,7.781571542,2081.866667,25,29.35,21.7
S3,T,S,4/28/2023,99,7.407876406,2081.866667,25,29.22,21.8
S4,C,S,4/28/2023,99,7.786387323,2081.866667,25,29.3,21.7
S5,T,S,4/28/2023,99,7.350158373,2081.866667,25,29.25,21.7
S6,C,S,4/28/2023,99,7.774965978,2081.866667,25,29.31,21.8
H1,T,H,4/29/2023,100,,2081.866667,25,28.47,21.9
H2,C,H,4/29/2023,100,,2081.866667,25,28.44,.
S1,T,S,4/29/2023,100,,2081.866667,25,28.64,21.8
S2,C,S,4/29/2023,100,,2081.866667,25,28.68,21.8
S3,T,S,4/29/2023,100,,2081.866667,25,28.59,21.9
S4,C,S,4/29/2023,100,,2081.866667,25,28.68,21.9
S5,T,S,4/29/2023,100,,2081.866667,25,28.59,21.9
S6,C,S,4/29/2023,100,,2081.866667,25,28.68,21.9
H1,T,H,4/30/2023,101,,2081.866667,25,29.04,22.1
H2,C,H,4/30/2023,101,,2081.866667,25,29.03,22
S1,T,S,4/30/2023,101,,2081.866667,25,28.46,21.8
S2,C,S,4/30/2023,101,,2081.866667,25,28.32,21.7
S3,T,S,4/30/2023,101,,2081.866667,25,28.43,21.8
S4,C,S,4/30/2023,101,,2081.866667,25,28.35,21.8
S5,T,S,4/30/2023,101,,2081.866667,25,28.46,21.8
S6,C,S,4/30/2023,101,,2081.866667,25,28.37,21.8
H1,T,H,5/1/2023,102,7.281841348,2081.866667,25,29.11,21.9
H2,C,H,5/1/2023,102,7.780042577,2081.866667,25,29.07,22.1
S1,T,S,5/1/2023,102,7.352313651,2081.866667,25,29.05,21.7
S2,C,S,5/1/2023,102,7.728267667,2081.866667,25,29.03,21.7
S3,T,S,5/1/2023,102,7.330685209,2081.866667,25,29.08,21.8
S4,C,S,5/1/2023,102,7.751536872,2081.866667,25,29,21.8
S5,T,S,5/1/2023,102,7.286324464,2081.866667,25,29.07,21.7
S6,C,S,5/1/2023,102,7.771183943,2081.866667,25,29.01,21.8
H1,T,H,5/2/2023,103,,2081.866667,25,29.14,21.7
H2,C,H,5/2/2023,103,,2081.866667,25,29.14,21.7
S1,T,S,5/2/2023,103,,2081.866667,25,29.12,21.7
S2,C,S,5/2/2023,103,,2081.866667,25,29.1,21.8
S3,T,S,5/2/2023,103,,2081.866667,25,29.14,21.9
S4,C,S,5/2/2023,103,,2081.866667,25,29.07,21.9
S5,T,S,5/2/2023,103,,2081.866667,25,29.15,21.9
S6,C,S,5/2/2023,103,,2081.866667,25,29.15,21.8
H1,T,H,5/3/2023,104,,2081.866667,25,,
H2,C,H,5/3/2023,104,,2081.866667,25,,
S1,T,S,5/3/2023,104,7.349212593,2081.866667,25,29.15,21.6
S2,C,S,5/3/2023,104,7.775821038,2081.866667,25,29.13,21.7
S3,T,S,5/3/2023,104,7.320471621,2081.866667,25,29.11,21.9
S4,C,S,5/3/2023,104,7.77195955,2081.866667,25,29.11,21.8
S5,T,S,5/3/2023,104,7.334792772,2081.866667,25,29.11,21.8
S6,C,S,5/3/2023,104,7.746416186,2081.866667,25,29.09,21.8