ID,Clam_Num,Egg_Num,Label,Area ,Perimiter ,Major ,Minor ,Angle ,Meas_Type,Treatment,Image_Num,Total_eggs
341_15,341,15,341-0121.jpg,3292.13,261.622,68.24,61.426,169.362,auto,control,121,26
334_12,334,12,334-0141.jpg,3301.983,306.037,65.213,64.469,118.446,auto,control,141,13
218_18,218,18,218-0059.jpg,3344.31,292.727,67.639,62.953,0.888,auto,control,59,30
211_6,211,6,211-0072.jpg,3355.122,252.709,66.075,64.652,27.204,auto,control,72,12
211_9,211,9,211-0074.jpg,3360.898,236.278,65.872,64.963,16.935,auto,control,74,12
211_4,211,4,211-0071.jpg,3376.656,250.443,65.919,65.221,146.74,auto,control,71,12
211_3,211,3,211-0071.jpg,3383.842,255.474,66.404,64.882,179.984,auto,control,71,12
211_11,211,11,211-0075.jpg,3412.166,245.225,66.238,65.59,139.853,auto,control,75,12
363_13,363,13,363-0114.jpg,3414.668,291.437,66.614,65.267,169.863,auto,control,114,17
218_4,218,4,218-0057.jpg,3427.382,291.068,66.278,65.842,42.792,auto,control,57,30
199_8,199,8,199-0129.jpg,3465.568,260.229,66.764,66.091,150.708,auto,control,129,12
218_22,218,22,218-0059.jpg,3465.875,256.59,66.659,66.201,19.784,auto,control,59,30
341_25,341,25,341-0122.jpg,3465.876,267.841,67.293,65.577,165.286,auto,control,122,26
211_1,211,1,211-0070.jpg,3466.36,242.235,66.918,65.954,30.147,auto,control,70,12
334_9,334,9,334-0139.jpg,3466.471,266.363,67.355,65.528,32.654,auto,control,139,13
334_1,334,1,334-0135.jpg,3473.508,258.18,68.548,64.518,170.906,auto,control,135,13
218_1,218,1,218-0056.jpg,3492.033,271.021,67.243,66.121,146.018,auto,control,56,30
363_2,363,2,363-0027.jpg,3504.253,272.798,67.243,66.353,158.263,auto,control,27,17
211_8,211,8,211-0074.jpg,3509.422,244.442,67.283,66.412,100.441,auto,control,74,12
211_10,211,10,211-0074.jpg,3518.971,245.602,69.442,64.521,20.861,auto,control,74,12
199_6,199,6,199-0129.jpg,3527.646,248.314,67.361,66.678,147.832,auto,control,129,12
218_15,218,15,218-0058.jpg,3531.827,264.763,67.275,66.843,42.216,auto,control,58,30
218_2,218,2,218-0056.jpg,3534.034,287.649,68.21,65.968,146.964,auto,control,56,30
199_9,199,9,199-0130.jpg,3544.401,267.754,68.013,66.353,166.663,auto,control,130,12
334_2,334,2,334-0136.jpg,3551.766,302.124,67.99,66.513,169.598,auto,control,136,13
363_8,363,8,363-0110.jpg,3562.083,266.756,67.684,67.008,125.862,auto,control,110,17
218_17,218,17,218-0059.jpg,3562.77,286.367,68.038,66.672,5.924,auto,control,59,30
334_13,334,13,334-0141.jpg,3563.601,265.061,68.156,66.573,17.402,auto,control,141,13
218_25,218,25,218-0060.jpg,3566.678,319.191,67.868,66.913,169.375,auto,control,60,30
334_6,334,6,334-0138.jpg,3569.385,250.106,68.469,66.376,102.379,auto,control,138,13
199_10,199,10,199-0130.jpg,3571.013,267.628,67.995,66.869,157.934,auto,control,130,12
319_5,319,5,319-0101.jpg,3572.685,277.951,68.079,66.818,152.643,auto,control,101,15
218_9,218,9,218-0057.jpg,3575.583,319.247,67.716,67.23,82.909,auto,control,57,30
218_26,218,26,218-0060.jpg,3576.168,314.379,67.748,67.21,127.445,auto,control,60,30
218_6,218,6,218-0057.jpg,3576.407,333.639,68.147,66.82,157.777,auto,control,57,30
218_16,218,16,218-0058.jpg,3577.045,268.459,68.202,66.778,177.639,auto,control,58,30
482_2,482,2,482-0063.jpg,3577.39,244.894,67.862,67.119,178.861,auto,control,63,17
211_2,211,2,211-0071.jpg,3578.066,271.782,67.998,66.998,99.041,auto,control,71,12
334_4,334,4,334-0137.jpg,3580.554,325.824,68.635,66.423,130.692,auto,control,137,13
482_10,482,10,482-0067.jpg,3582.158,258.833,67.725,67.345,165.95,auto,control,67,17
218_5,218,5,218-0057.jpg,3583.771,273.501,68.954,66.174,6.085,auto,control,57,30
218_20,218,20,218-0059.jpg,3591.161,311.885,70.678,64.694,9.598,auto,control,59,30
218_28,218,28,218-0060.jpg,3594.962,315.505,68.263,67.053,28.508,auto,control,60,30
218_7,218,7,218-0057.jpg,3603.362,302.781,69.074,66.421,11.117,auto,control,57,30
218_13,218,13,218-0058.jpg,3604.373,310.822,68.069,67.42,157.503,auto,control,58,30
218_29,218,29,218-0060.jpg,3604.559,306.747,68.184,67.31,33.583,auto,control,60,30
218_10,218,10,218-0057.jpg,3609.769,294.233,68.404,67.191,176.092,auto,control,57,30
460_7,460,7,460-0083.jpg,3613.301,248.678,67.91,67.745,4.327,auto,control,83,14
482_9,482,9,482-0064.jpg,3614.291,263.709,68.026,67.649,170.495,auto,control,64,17
334_10,334,10,334-0139.jpg,3616.085,334.805,69.549,66.2,175.258,auto,control,139,13
218_14,218,14,218-0058.jpg,3616.893,267.832,68.378,67.349,162.109,auto,control,58,30
218_3,218,3,218-0056.jpg,3618.382,330.296,69.139,66.635,173.24,auto,control,56,30
211_7,211,7,211-0073.jpg,3619.204,314.273,68.446,67.325,125.963,auto,control,73,12
218_12,218,12,218-0058.jpg,3622.077,307.057,69.812,66.06,27.511,auto,control,58,30
199_4,199,4,199-0127.jpg,3623.498,262.328,69.022,66.843,2.312,auto,control,127,12
199_3,199,3,199-0126.jpg,3625.084,250.474,68.079,67.797,145.331,auto,control,126,12
482_1,482,1,482-0063.jpg,3625.576,250.484,68.531,67.36,148.762,auto,control,63,17
341_2,341,2,341-0118.jpg,3626.962,311.356,70.949,65.089,142.513,auto,control,118,26
310_33,310,33,310-0007.jpg,3627.678,260.069,68.655,67.277,132.605,auto,control,7,37
482_15,482,15,482-0067.jpg,3629.656,279.723,68.81,67.162,173.897,auto,control,67,17
319_3,319,3,319-0100.jpg,3630.202,272.281,70.085,65.95,35.697,auto,control,100,15
218_19,218,19,218-0059.jpg,3630.424,266.759,69.013,66.978,4.637,auto,control,59,30
334_3,334,3,334-0136.jpg,3631.385,281.52,69.24,66.776,33.58,auto,control,136,13
319_12,319,12,319-0103.jpg,3633.458,281.182,69.165,66.887,10.551,auto,control,103,15
376_18,376,18,376-0014.jpg,3634.425,299.258,68.667,67.39,111.703,auto,control,14,27
319_15,319,15,319-0105.jpg,3634.464,280.061,68.418,67.636,10.112,auto,control,105,15
218_8,218,8,218-0057.jpg,3638.931,309.392,68.91,67.236,4.901,auto,control,57,30
363_5,363,5,363-0030.jpg,3640.757,279.119,68.489,67.684,0.639,auto,control,30,17
319_6,319,6,319-0102.jpg,3643.993,327.133,68.88,67.359,1.141,auto,control,102,15
310_25,310,25,310-0005.jpg,3647.034,271.483,70.128,66.216,124.371,auto,control,5,37
310_29,310,29,310-0006.jpg,3647.194,269.058,68.639,67.655,160.658,auto,control,6,37
334_8,334,8,334-0139.jpg,3649.537,286.141,68.635,67.703,62.304,auto,control,139,13
199_11,199,11,199-0130.jpg,3649.794,288.501,68.737,67.606,11.344,auto,control,130,12
460_12,460,12,460-0088.jpg,3652.549,251.197,68.515,67.876,10.172,auto,control,88,14
310_13,310,13,310-0003.jpg,3653.282,291.986,68.618,67.788,159.718,auto,control,3,37
310_9,310,9,310-0003.jpg,3656.792,257.512,68.78,67.694,26.357,auto,control,3,37
334_5,334,5,334-0137.jpg,3661.825,278.756,68.818,67.749,150.502,auto,control,137,13
218_30,218,30,218-0060.jpg,3662.643,323.496,69.632,66.972,25.334,auto,control,60,30
310_35,310,35,310-0007.jpg,3663.094,256.883,68.943,67.65,159.54,auto,control,7,37
460_4,460,4,460-0081.jpg,3664.989,255.993,68.63,67.994,169.187,auto,control,81,14
376_13,376,13,376-0013.jpg,3665.974,297.23,69.688,66.979,169.43,auto,control,13,27
319_2,319,2,319-0100.jpg,3672.262,296.314,68.926,67.836,178.39,auto,control,100,15
226_2,226,2,226-0033.jpg,3673.749,255.125,69.158,67.636,179.691,auto,control,33,11
310_2,310,2,310-0001.jpg,3676.893,296.003,68.889,67.958,48.4,auto,control,1,37
341_8,341,8,341-0119.jpg,3680.904,275.014,69.235,67.692,116.709,auto,control,119,26
218_27,218,27,218-0060.jpg,3685.797,298.924,69.44,67.582,173.349,auto,control,60,30
363_10,363,10,363-0111.jpg,3686.303,272.653,68.966,68.056,40.716,auto,control,111,17
310_20,310,20,310-0004.jpg,3689.708,273.973,69.415,67.678,20.778,auto,control,4,37
482_6,482,6,482-0064.jpg,3691.696,327.116,70.305,66.858,49.348,auto,control,64,17
218_11,218,11,218-0057.jpg,3695.18,299.066,69.268,67.923,154.333,auto,control,57,30
310_17,310,17,310-0004.jpg,3696.276,279.273,69.961,67.27,20.954,auto,control,4,37
460_5,460,5,460-0081.jpg,3696.631,253.353,68.991,68.222,39.518,auto,control,81,14
310_8,310,8,310-0003.jpg,3698.722,260.945,68.998,68.254,131.452,auto,control,3,37
310_11,310,11,310-0003.jpg,3699.147,293.798,69.541,67.729,21.663,auto,control,3,37
334_11,334,11,334-0140.jpg,3699.488,328.499,71.885,65.526,144.17,auto,control,140,13
218_24,218,24,218-0060.jpg,3700.71,299.985,70.157,67.162,31.824,auto,control,60,30
482_12,482,12,482-0067.jpg,3701.71,272.246,68.722,68.583,29.691,auto,control,67,17
460_3,460,3,460-0080.jpg,3703.207,250.628,69.193,68.143,41.929,auto,control,80,14
310_6,310,6,310-0002.jpg,3705.98,267.714,68.855,68.53,131.243,auto,control,2,37
363_9,363,9,363-0110.jpg,3706.038,277.898,68.89,68.496,63.514,auto,control,110,17
310_24,310,24,310-0005.jpg,3708.799,298.331,69.251,68.189,6.246,auto,control,5,37
482_5,482,5,482-0064.jpg,3713.684,283.108,69.188,68.341,178.202,auto,control,64,17
376_6,376,6,376-0011.jpg,3714.012,289.763,69.666,67.879,170.979,auto,control,11,27
218_21,218,21,218-0059.jpg,3715.224,314.521,70.754,66.856,140.39,auto,control,59,30
482_3,482,3,482-0063.jpg,3717.021,260.737,69.308,68.284,131.139,auto,control,63,17
310_19,310,19,310-0004.jpg,3724.486,293.798,69.255,68.474,163.369,auto,control,4,37
218_23,218,23,218-0060.jpg,3726.788,302.494,70.202,67.592,178.138,auto,control,60,30
341_10,341,10,341-0119.jpg,3728.371,283.425,69.674,68.133,105.236,auto,control,119,26
482_11,482,11,482-0067.jpg,3728.916,267.922,69.278,68.533,81.13,auto,control,67,17
482_8,482,8,482-0064.jpg,3729.287,252.381,69.027,68.789,164.619,auto,control,64,17
310_16,310,16,310-0004.jpg,3729.591,274.26,69.401,68.424,121.318,auto,control,4,37
488_9,488,9,488-0020.jpg,3733.819,297.724,70.723,67.22,26.042,auto,control,20,32
310_26,310,26,310-0005.jpg,3738.392,334.449,69.421,68.565,169.662,auto,control,5,37
460_8,460,8,460-0084.jpg,3742.984,253.14,69.111,68.957,98.585,auto,control,84,14
376_4,376,4,376-0011.jpg,3743.946,303.37,70.304,67.805,43.997,auto,control,11,27
482_7,482,7,482-0064.jpg,3749.737,302.76,71.28,66.98,133.492,auto,control,64,17
488_31,488,31,488-0023.jpg,3750.787,273.014,69.798,68.421,22.971,auto,control,23,32
310_21,310,21,310-0004.jpg,3754.451,281.497,69.565,68.718,170.669,auto,control,4,37
310_23,310,23,310-0005.jpg,3754.504,311.392,74.634,64.051,35.015,auto,control,5,37
319_7,319,7,319-0102.jpg,3758.684,291.693,69.447,68.912,115.092,auto,control,102,15
482_14,482,14,482-0067.jpg,3761.022,307.282,70.076,68.336,165.15,auto,control,67,17
482_16,482,16,482-0067.jpg,3761.605,314.643,69.679,68.735,153.235,auto,control,67,17
363_15,363,15,363-0114.jpg,3761.833,316.636,69.971,68.453,27.716,auto,control,114,17
363_17,363,17,363-0115.jpg,3763.894,302.654,70.104,68.36,34.736,auto,control,115,17
341_26,341,26,341-0122.jpg,3764.42,288.145,69.913,68.557,18.559,auto,control,122,26
376_5,376,5,376-0011.jpg,3765.305,312.301,70.154,68.338,25.011,auto,control,11,27
310_14,310,14,310-0004.jpg,3766.256,322.521,69.863,68.639,61.353,auto,control,4,37
341_9,341,9,341-0119.jpg,3768.808,289.409,71.504,67.11,122.26,auto,control,119,26
319_14,319,14,319-0104.jpg,3770.807,266.87,69.584,68.998,5.139,auto,control,104,15
310_31,310,31,310-0006.jpg,3771.175,269.954,70.873,67.749,165.787,auto,control,6,37
310_1,310,1,310-0001.jpg,3772.345,306.112,70.639,67.995,75.071,auto,control,1,37
460_10,460,10,460-0087.jpg,3773.49,280.435,69.883,68.751,9.758,auto,control,87,14
488_25,488,25,488-0022.jpg,3775.442,271.577,70.108,68.567,178.336,auto,control,22,32
376_22,376,22,376-0015.jpg,3776.554,315.961,69.717,68.971,147.844,auto,control,15,27
488_11,488,11,488-0020.jpg,3776.932,292.561,69.597,69.097,148.884,auto,control,20,32
310_27,310,27,310-0006.jpg,3777.982,282.397,70.368,68.359,137.905,auto,control,6,37
199_2,199,2,199-0125.jpg,3779.658,339.69,74.344,64.732,31.781,auto,control,125,12
363_4,363,4,363-0028.jpg,3781.119,329.367,70.065,68.711,110.881,auto,control,28,17
460_11,460,11,460-0087.jpg,3784.372,282.798,69.453,69.376,179.072,auto,control,87,14
376_2,376,2,376-0011.jpg,3785.315,293.191,70.122,68.732,0.723,auto,control,11,27
376_10,376,10,376-0012.jpg,3785.765,335.777,70.849,68.034,12.896,auto,control,12,27
376_12,376,12,376-0013.jpg,3786.744,338.045,70.003,68.874,138.376,auto,control,13,27
341_19,341,19,341-0121.jpg,3787.995,280.138,70.88,68.045,151.841,auto,control,121,26
211_12,211,12,211-0075.jpg,3789.041,271.47,73.552,65.591,49.372,auto,control,75,12
376_23,376,23,376-0015.jpg,3789.761,304.543,70.361,68.579,171.551,auto,control,15,27
341_21,341,21,341-0122.jpg,3790.004,297.618,70.092,68.847,23.124,auto,control,122,26
460_6,460,6,460-0082.jpg,3791.08,315.274,69.542,69.411,14.576,auto,control,82,14
199_12,199,12,199-0131.jpg,3794.51,258.834,70.06,68.959,156.488,auto,control,131,12
341_3,341,3,341-0118.jpg,3795.237,303.73,70.132,68.902,144.384,auto,control,118,26
488_32,488,32,488-0023.jpg,3796.932,268.507,70.402,68.669,143.653,auto,control,23,32
363_6,363,6,363-0109.jpg,3798.264,262.667,69.842,69.244,111.25,auto,control,109,17
488_27,488,27,488-0022.jpg,3800.709,272.421,70.844,68.308,0.256,auto,control,22,32
334_7,334,7,334-0139.jpg,3801.816,292.547,74.175,65.26,93.816,auto,control,139,13
482_4,482,4,482-0063.jpg,3802.056,260.142,70.016,69.141,46.568,auto,control,63,17
376_11,376,11,376-0012.jpg,3808.685,329.687,70.044,69.234,165.318,auto,control,12,27
488_23,488,23,488-0022.jpg,3809.432,259.268,70.037,69.253,146.75,auto,control,22,32
319_4,319,4,319-0101.jpg,3809.505,343.725,69.884,69.406,3.092,auto,control,101,15
460_13,460,13,460-0089.jpg,3810.361,279.36,70.351,68.961,161.624,auto,control,89,14
310_7,310,7,310-0003.jpg,3813.264,267.968,70.759,68.616,178.371,auto,control,3,37
319_10,319,10,319-0103.jpg,3813.264,294.806,70.175,69.187,25.139,auto,control,103,15
488_7,488,7,488-0020.jpg,3813.448,278.359,70.774,68.604,178.915,auto,control,20,32
363_16,363,16,363-0115.jpg,3814.723,297.84,70.181,69.207,24.586,auto,control,115,17
460_2,460,2,460-0079.jpg,3820.134,263.968,70.02,69.465,150.255,auto,control,79,14
488_20,488,20,488-0021.jpg,3820.177,345.212,70.189,69.299,16.812,auto,control,21,32
376_9,376,9,376-0012.jpg,3823.348,322.137,71.093,68.474,1.436,auto,control,12,27
341_11,341,11,341-0120.jpg,3823.437,271.97,70.277,69.271,158.443,auto,control,120,26
363_12,363,12,363-0112.jpg,3826.453,324.34,70.394,69.211,148.641,auto,control,112,17
376_3,376,3,376-0011.jpg,3831.341,298.545,70.376,69.317,31.844,auto,control,11,27
226_11,226,11,226-0038.jpg,3832.372,304.03,74.011,65.93,35.974,auto,control,38,11
460_9,460,9,460-0085.jpg,3833.973,266.842,70.732,69.015,4.448,auto,control,85,14
341_12,341,12,341-0120.jpg,3834.141,263.68,71.919,67.879,124.156,auto,control,120,26
310_3,310,3,310-0001.jpg,3834.163,264.123,70.695,69.054,3.81,auto,control,1,37
376_19,376,19,376-0014.jpg,3837.773,293.155,71.224,68.606,156.945,auto,control,14,27
363_11,363,11,363-0112.jpg,3838.421,276.939,70.221,69.597,4.182,auto,control,112,17
341_18,341,18,341-0121.jpg,3838.449,272.518,70.485,69.338,36.673,auto,control,121,26
376_21,376,21,376-0014.jpg,3838.752,307.33,70.721,69.111,45.532,auto,control,14,27
482_13,482,13,482-0067.jpg,3838.984,290.903,70.764,69.073,177.635,auto,control,67,17
376_15,376,15,376-0013.jpg,3839.599,340.034,70.565,69.28,109.248,auto,control,13,27
376_17,376,17,376-0013.jpg,3841.531,337.427,72.003,67.93,30.196,auto,control,13,27
488_6,488,6,488-0019.jpg,3842.306,311.332,70.352,69.539,32.858,auto,control,19,32
310_15,310,15,310-0004.jpg,3846.499,279.296,70.497,69.471,4.049,auto,control,4,37
488_3,488,3,488-0019.jpg,3848.29,329.084,70.94,69.07,161.333,auto,control,19,32
488_29,488,29,488-0022.jpg,3849.3,265.917,71.009,69.02,172.534,auto,control,22,32
310_22,310,22,310-0005.jpg,3849.477,291.891,70.816,69.211,173.562,auto,control,5,37
363_7,363,7,363-0109.jpg,3852.132,283.638,70.858,69.218,18.674,auto,control,109,17
376_14,376,14,376-0013.jpg,3855.717,304.869,70.61,69.526,19.167,auto,control,13,27
226_10,226,10,226-0038.jpg,3855.728,293.009,72.094,68.096,11.943,auto,control,38,11
341_6,341,6,341-0119.jpg,3855.813,284.188,71.533,68.631,35.656,auto,control,119,26
310_28,310,28,310-0006.jpg,3857.454,273.69,70.995,69.18,76.805,auto,control,6,37
460_1,460,1,460-0079.jpg,3858.431,292.073,70.564,69.621,102.798,auto,control,79,14
310_30,310,30,310-0006.jpg,3859.74,328.905,70.844,69.369,66.835,auto,control,6,37
211_5,211,5,211-0072.jpg,3862.994,338.544,70.869,69.403,10.601,auto,control,72,12
310_37,310,37,310-0007.jpg,3863.33,267.77,70.348,69.923,103.599,auto,control,7,37
488_19,488,19,488-0021.jpg,3866.136,317.542,70.745,69.581,177.54,auto,control,21,32
488_22,488,22,488-0022.jpg,3866.269,266.615,71.084,69.252,164.18,auto,control,22,32
319_1,319,1,319-0100.jpg,3867.711,332.07,70.679,69.674,104.691,auto,control,100,15
319_11,319,11,319-0103.jpg,3868.002,319.083,70.668,69.69,177.463,auto,control,103,15
199_5,199,5,199-0128.jpg,3870.516,252.803,70.466,69.936,6.106,auto,control,128,12
199_1,199,1,199-0125.jpg,3872.921,317.422,70.694,69.754,28.737,auto,control,125,12
488_8,488,8,488-0020.jpg,3873.689,279.34,71.268,69.205,176.759,auto,control,20,32
488_17,488,17,488-0021.jpg,3873.929,296.186,71.71,68.783,167.896,auto,control,21,32
310_5,310,5,310-0002.jpg,3874.284,306.616,70.483,69.987,58.565,auto,control,2,37
376_24,376,24,376-0015.jpg,3874.456,311.304,71.041,69.441,175.648,auto,control,15,27
341_16,341,16,341-0121.jpg,3876.295,318.539,73.288,67.343,20.578,auto,control,121,26
482_17,482,17,482-0067.jpg,3876.653,321.802,71.066,69.455,165.106,auto,control,67,17
363_3,363,3,363-0027.jpg,3877.546,309.204,71.441,69.107,89.447,auto,control,27,17
488_10,488,10,488-0020.jpg,3878.982,283.515,70.819,69.739,170.583,auto,control,20,32
460_14,460,14,460-0089.jpg,3880.881,305.502,70.971,69.624,10.621,auto,control,89,14
310_34,310,34,310-0007.jpg,3881.756,284.884,71.768,68.867,145.945,auto,control,7,37
319_8,319,8,319-0102.jpg,3886.345,324.27,71.099,69.596,5.397,auto,control,102,15
376_26,376,26,376-0016.jpg,3893.142,317.914,71.376,69.448,173.905,auto,control,16,27
488_5,488,5,488-0019.jpg,3897.121,286.325,71.143,69.746,37.743,auto,control,19,32
226_7,226,7,226-0035.jpg,3900.125,341.621,70.936,70.004,88.79,auto,control,35,11
488_15,488,15,488-0021.jpg,3901.11,288.74,70.699,70.256,161.493,auto,control,21,32
488_12,488,12,488-0020.jpg,3903.956,281.725,71.209,69.804,4.614,auto,control,20,32
341_1,341,1,341-0118.jpg,3903.993,342.407,71.626,69.398,174.181,auto,control,118,26
226_1,226,1,226-0033.jpg,3906.403,273.38,71.046,70.008,158.089,auto,control,33,11
226_3,226,3,226-0034.jpg,3906.829,323.6,72.712,68.411,12.514,auto,control,34,11
341_17,341,17,341-0121.jpg,3910.733,272.735,70.804,70.325,27.952,auto,control,121,26
341_24,341,24,341-0122.jpg,3912.054,340.689,72.528,68.677,128.248,auto,control,122,26
341_4,341,4,341-0118.jpg,3912.107,299.332,70.774,70.379,76.991,auto,control,118,26
363_14,363,14,363-0114.jpg,3913.608,341.011,71.378,69.811,19.313,auto,control,114,17
376_8,376,8,376-0011.jpg,3914.554,296.024,71.066,70.134,48.624,auto,control,11,27
376_1,376,1,376-0011.jpg,3915.772,328.948,71.09,70.132,17.083,auto,control,11,17
199_7,199,7,199-0129.jpg,3916.473,319.718,72.352,68.922,13.765,auto,control,129,12
488_14,488,14,488-0020.jpg,3920.526,298.486,72.496,68.856,28.181,auto,control,20,32
341_5,341,5,341-0118.jpg,3930.872,339.915,76.091,65.775,106.174,auto,control,118,26
488_2,488,2,488-0019.jpg,3931.084,284.13,71.037,70.459,168.506,auto,control,19,32
376_20,376,20,376-0014.jpg,3931.599,324.632,72.446,69.098,167.013,auto,control,14,27
488_28,488,28,488-0022.jpg,3932.281,305.849,71.827,69.706,172.321,auto,control,22,32
319_13,319,13,319-0104.jpg,3933.593,302.29,72.234,69.336,11.449,auto,control,104,15
488_16,488,16,488-0021.jpg,3937.707,330.234,72.872,68.801,4.342,auto,control,21,32
226_6,226,6,226-0035.jpg,3938.484,350.926,72.363,69.299,142.95,auto,control,35,11
488_1,488,1,488-0019.jpg,3941.324,287.827,71.12,70.56,179.765,auto,control,19,32
310_4,310,4,310-0001.jpg,3944.052,297.438,71.104,70.625,99.953,auto,control,1,37
488_30,488,30,488-0023.jpg,3946.856,280.628,71.535,70.249,25.058,auto,control,23,32
488_18,488,18,488-0021.jpg,3957.096,308.614,72.637,69.363,64.823,auto,control,21,32
376_7,376,7,376-0011.jpg,3957.457,345.309,71.982,70.001,30.029,auto,control,11,27
376_27,376,27,376-0016.jpg,3965.239,315.462,71.904,70.215,160.474,auto,control,16,27
488_26,488,26,488-0022.jpg,3965.314,274.306,71.329,70.782,141.694,auto,control,22,32
376_25,376,25,376-0016.jpg,3965.424,348.523,72.607,69.538,16.98,auto,control,16,27
488_4,488,4,488-0019.jpg,3966.91,291.899,71.952,70.197,8.364,auto,control,19,32
341_14,341,14,341-0120.jpg,3972.418,293.194,71.677,70.565,173.687,auto,control,120,26
341_20,341,20,341-0121.jpg,3976.647,326.908,71.472,70.843,176.483,auto,control,121,26
226_5,226,5,226-0035.jpg,3976.923,340.58,71.576,70.744,163.999,auto,control,35,11
376_16,376,16,376-0013.jpg,3978.022,338.8,72.247,70.107,23.374,auto,control,13,27
363_1,363,1,363-0026.jpg,3985.783,290.566,74.228,68.368,39.227,auto,control,26,17
310_12,310,12,310-0003.jpg,3991.352,269.028,71.469,71.107,88.243,auto,control,3,37
226_4,226,4,226-0034.jpg,3995.65,320.872,72.292,70.374,172.227,auto,control,34,11
488_13,488,13,488-0020.jpg,3997.389,275.857,71.711,70.974,142.379,auto,control,20,32
319_9,319,9,319-0102.jpg,3998.098,339.068,71.978,70.723,22.229,auto,control,102,15
341_23,341,23,341-0122.jpg,4018.643,332.4,72.449,70.625,73.054,auto,control,122,26
488_24,488,24,488-0022.jpg,4020.608,298.348,71.629,71.468,160.909,auto,control,22,32
226_8,226,8,226-0036.jpg,4024.592,302.499,72.486,70.693,17.089,auto,control,36,11
310_32,310,32,310-0007.jpg,4030.73,283.912,72.962,70.339,0.874,auto,control,7,37
341_13,341,13,341-0120.jpg,4038.994,284.973,72.34,71.089,37.837,auto,control,120,26
310_10,310,10,310-0003.jpg,4047.666,266.824,73.216,70.39,59.151,auto,control,3,37
226_9,226,9,226-0037.jpg,4053.108,312.72,76.333,67.606,116.035,auto,control,37,11
488_21,488,21,488-0021.jpg,4060.157,313.029,72.988,70.827,110.045,auto,control,21,32
310_18,310,18,310-0004.jpg,4074.973,332.746,74.545,69.602,109.298,auto,control,4,37
310_36,310,36,310-0007.jpg,4094.462,301.866,73.702,70.734,104.692,auto,control,7,37
341_7,341,7,341-0119.jpg,4113.233,357.249,72.438,72.298,113.005,auto,control,119,26
341_22,341,22,341-0122.jpg,4132.817,316.877,73.036,72.047,160.231,auto,control,122,26
83_15,83,15,83-0172.jpg,3288.065,268.945,66.613,62.848,67.673,auto,OA,172,24
83_21,83,21,83-0174.jpg,3320.997,253.22,65.741,64.32,11.75,auto,OA,174,24
83_5,83,5,83-0170.jpg,3353.116,264.363,65.927,64.758,104.022,auto,OA,170,24
83_6,83,6,83-0170.jpg,3356.79,262.098,66.104,64.655,60.094,auto,OA,170,24
88_3,88,3,88-0008.jpg,3363.701,256.682,66.848,64.068,168.291,auto,OA,8,50
83_3,83,3,83-0170.jpg,3371.888,271.074,66.878,64.195,14.881,auto,OA,170,24
88_14,88,14,88-0009.jpg,3385.266,248.306,65.802,65.503,108.497,auto,OA,9,50
83_9,83,9,83-0171.jpg,3390.101,262.355,66.306,65.099,42.68,auto,OA,171,24
83_23,83,23,83-0174.jpg,3402.585,250.847,66.368,65.277,40.87,auto,OA,174,24
88_5,88,5,88-0008.jpg,3403.251,237.516,66.247,65.409,130.991,auto,OA,8,50
88_4,88,4,88-0008.jpg,3406.938,239.286,67.205,64.547,5.311,auto,OA,8,50
83_1,83,1,83-0170.jpg,3408.793,277.325,66.393,65.372,88.164,auto,OA,170,24
83_8,83,8,83-0171.jpg,3410.151,256.283,66.515,65.277,145.895,auto,OA,171,24
83_22,83,22,83-0174.jpg,3412.171,251.549,66.187,65.64,24.512,auto,OA,174,24
88_33,88,33,88-0011.jpg,3422.137,246.855,66.901,65.129,79.466,auto,OA,11,50
83_2,83,2,83-0170.jpg,3423.412,281.987,67.921,64.175,177.7,auto,OA,170,24
88_39,88,39,88-0011.jpg,3426.407,265.456,67.496,64.636,11.81,auto,OA,11,50
83_11,83,11,83-0172.jpg,3427.326,258.145,66.461,65.659,75.372,auto,OA,172,24
83_10,83,10,83-0171.jpg,3428.391,266.558,66.507,65.635,6.933,auto,OA,171,24
83_14,83,14,83-0172.jpg,3431.559,260.469,67.782,64.46,166.811,auto,OA,172,24
88_9,88,9,88-0008.jpg,3435.107,259.285,66.686,65.587,33.187,auto,OA,8,50
83_24,83,24,83-0174.jpg,3439.118,256.863,66.942,65.413,17.848,auto,OA,174,24
88_2,88,2,88-0008.jpg,3446.619,260.483,66.673,65.819,114.825,auto,OA,8,50
88_32,88,32,88-0011.jpg,3447.866,257.79,66.928,65.592,93.248,auto,OA,11,50
44_29,44,29,44-0042.jpg,3450.229,252.467,67.865,64.731,27.026,auto,OA,42,40
44_15,44,15,44-0041.jpg,3458.337,286.427,71.635,61.468,22.8,auto,OA,41,40
88_37,88,37,88-0011.jpg,3465.718,244.515,67.593,65.283,85.399,auto,OA,11,50
33_30,33,30,33-0024.jpg,3470.083,306.558,66.577,66.363,28.02,auto,OA,24,50
88_36,88,36,88-0011.jpg,3470.413,251.972,67.331,65.626,112.556,auto,OA,11,50
83_7,83,7,83-0171.jpg,3471.713,282.152,66.552,66.419,142.285,auto,OA,171,24
44_31,44,31,44-0042.jpg,3471.753,249.321,69.847,63.287,147.263,auto,OA,42,40
88_34,88,34,88-0011.jpg,3476.566,253.996,68.251,64.856,39.04,auto,OA,11,50
33_32,33,32,33-0025.jpg,3478.306,307.382,66.798,66.3,146.761,auto,OA,25,50
88_47,88,47,88-0012.jpg,3479.192,253.333,68.086,65.063,1.034,auto,OA,12,50
88_8,88,8,88-0008.jpg,3480.943,243.159,67.744,65.424,150.598,auto,OA,8,50
83_13,83,13,83-0172.jpg,3481.965,256.807,67.058,66.112,15.287,auto,OA,172,24
33_39,33,39,33-0025.jpg,3485.915,315.404,67.575,65.682,119.246,auto,OA,25,50
30_40,30,40,30-0049.jpg,3491.078,267.415,67.384,65.965,26.255,auto,OA,49,50
33_15,33,15,33-0023.jpg,3492.483,330.289,67.544,65.835,172.161,auto,OA,23,50
44_24,44,24,44-0041.jpg,3501.146,293.231,68.568,65.012,35.449,auto,OA,41,40
83_16,83,16,83-0173.jpg,3503.826,296.894,67.417,66.174,32.132,auto,OA,173,24
88_10,88,10,88-0008.jpg,3507.044,262.833,67.306,66.344,151.385,auto,OA,8,50
7_3,7,3,7-0015.jpg,3510.589,309.05,68.361,65.385,34.448,auto,OA,15,19
83_4,83,4,83-0170.jpg,3511.494,285.986,68.122,65.631,43.139,auto,OA,170,24
383_26,383,26,383-0044.jpg,3513.947,249.632,67.065,66.713,87.455,auto,OA,44,32
383_18,383,18,383-0043.jpg,3521.094,255.789,67.54,66.378,179.261,auto,OA,43,32
88_7,88,7,88-0008.jpg,3523.675,242.478,67.722,66.249,36.421,auto,OA,8,50
383_17,383,17,383-0043.jpg,3523.742,268.481,68.19,65.795,93.799,auto,OA,43,32
33_7,33,7,33-0022.jpg,3528.9,307.918,67.64,66.427,139.864,auto,OA,22,50
88_49,88,49,88-0012.jpg,3533.145,253.622,68.442,65.728,19.856,auto,OA,12,50
88_38,88,38,88-0011.jpg,3534.445,276.9,69.701,64.565,152.705,auto,OA,11,50
88_22,88,22,88-0010.jpg,3535.187,269.854,67.347,66.835,151.209,auto,OA,10,50
88_12,88,12,88-0009.jpg,3535.93,248.713,67.564,66.634,111.053,auto,OA,9,50
44_18,44,18,44-0041.jpg,3536.323,298.106,67.748,66.461,170.764,auto,OA,41,40
44_5,44,5,44-0039.jpg,3536.482,271.556,68.017,66.201,10.323,auto,OA,39,40
30_5,30,5,30-0046.jpg,3536.671,251.938,67.627,66.586,139.308,auto,OA,46,50
33_6,33,6,33-0022.jpg,3536.722,285.259,67.236,66.975,119.193,auto,OA,22,50
33_25,33,25,33-0024.jpg,3538.111,291.762,67.893,66.352,4.006,auto,OA,24,50
88_41,88,41,88-0012.jpg,3539.511,260.753,69.117,65.203,77.622,auto,OA,12,50
44_23,44,23,44-0041.jpg,3541.473,314.046,67.852,66.456,32.064,auto,OA,41,40
33_21,33,21,33-0024.jpg,3541.635,321.429,67.652,66.655,168.55,auto,OA,24,50
33_9,33,9,33-0022.jpg,3543.077,314.493,67.587,66.746,141.68,auto,OA,22,50
83_18,83,18,83-0173.jpg,3544.752,302.41,67.545,66.82,73.988,auto,OA,173,24
44_1,44,1,44-0039.jpg,3545.355,254.051,70.974,63.602,71.46,auto,OA,39,40
88_35,88,35,88-0011.jpg,3549.591,261.724,68.393,66.081,100.26,auto,OA,11,50
83_12,83,12,83-0172.jpg,3549.758,284.371,67.939,66.526,145.345,auto,OA,172,24
43_7,43,7,43-0054.jpg,3550.027,324.407,71.017,63.648,51.472,auto,OA,54,27
33_3,33,3,33-0022.jpg,3553.542,293.01,67.836,66.697,160.357,auto,OA,22,50
33_22,33,22,33-0024.jpg,3554.557,330.609,67.901,66.653,3.824,auto,OA,24,50
88_13,88,13,88-0009.jpg,3555.585,251.063,67.664,66.906,123.453,auto,OA,9,50
88_27,88,27,88-0010.jpg,3555.957,263.451,69.205,65.423,134.821,auto,OA,10,50
44_27,44,27,44-0042.jpg,3558.375,259.194,67.764,66.859,16.485,auto,OA,42,40
88_48,88,48,88-0012.jpg,3558.821,256.088,68.282,66.361,95.276,auto,OA,12,50
33_13,33,13,33-0023.jpg,3560.778,287.203,67.542,67.125,122.87,auto,OA,23,50
44_21,44,21,44-0041.jpg,3561.201,302.958,71.625,63.306,29.514,auto,OA,41,40
33_37,33,37,33-0025.jpg,3561.525,316.765,68.28,66.413,14.017,auto,OA,25,50
33_4,33,4,33-0022.jpg,3564.035,283.882,67.636,67.093,173.823,auto,OA,22,50
33_40,33,40,33-0025.jpg,3566.117,288.274,67.834,66.936,176.818,auto,OA,25,50
33_50,33,50,33-0026.jpg,3567.105,246.818,67.693,67.093,134.91,auto,OA,26,50
33_8,33,8,33-0022.jpg,3567.586,295.535,67.732,67.064,49.384,auto,OA,22,50
88_44,88,44,88-0012.jpg,3569.644,258.541,68.31,66.535,171.872,auto,OA,12,50
44_34,44,34,44-0043.jpg,3570.444,315.834,71.671,63.429,34.318,auto,OA,43,40
33_1,33,1,33-0022.jpg,3572.125,262.169,67.847,67.036,1.047,auto,OA,22,50
383_32,383,32,383-0044.jpg,3572.928,263.566,68.298,66.608,43.375,auto,OA,44,32
83_17,83,17,83-0173.jpg,3573.216,305.152,68.666,66.257,22.514,auto,OA,173,24
33_41,33,41,33-0026.jpg,3573.566,269.163,68.383,66.537,1.708,auto,OA,26,50
383_31,383,31,383-0044.jpg,3573.987,246.775,67.712,67.204,66.284,auto,OA,44,32
44_2,44,2,44-0039.jpg,3574.511,322.9,73.211,62.166,91.812,auto,OA,39,40
88_6,88,6,88-0008.jpg,3576.089,255.6,67.907,67.051,21.793,auto,OA,8,50
33_33,33,33,33-0025.jpg,3577.117,314.863,68.764,66.234,175.293,auto,OA,25,50
88_30,88,30,88-0010.jpg,3578.583,261.625,68.224,66.786,136.468,auto,OA,10,50
33_36,33,36,33-0025.jpg,3578.959,328.803,68.897,66.14,5.813,auto,OA,25,50
88_45,88,45,88-0012.jpg,3579.299,251.998,68.725,66.312,97.089,auto,OA,12,50
33_16,33,16,33-0023.jpg,3579.493,295.928,67.609,67.411,31.647,auto,OA,23,50
44_33,44,33,44-0043.jpg,3581.192,320.717,68.781,66.293,27.709,auto,OA,43,40
88_1,88,1,88-0008.jpg,3581.898,241.145,68.145,66.925,3.327,auto,OA,8,50
383_23,383,23,383-0044.jpg,3582.062,248.6,67.869,67.2,163.908,auto,OA,44,32
24_8,24,8,24-0201.jpg,3583.904,246.18,67.969,67.136,54.929,auto,OA,201,24
383_25,383,25,383-0044.jpg,3587.542,255.312,67.931,67.242,170.572,auto,OA,44,32
383_15,383,15,383-0043.jpg,3589.103,287.155,68.107,67.097,150.735,auto,OA,43,32
44_11,44,11,44-0040.jpg,3593.684,327.333,71.49,64.003,152.847,auto,OA,40,40
44_39,44,39,44-0043.jpg,3593.816,286.717,69.22,66.105,173.202,auto,OA,43,40
83_20,83,20,83-0173.jpg,3594.039,318.214,68.52,66.785,48.355,auto,OA,173,24
88_46,88,46,88-0012.jpg,3597.999,266.665,68.243,67.129,44.974,auto,OA,12,50
24_20,24,20,24-0205.jpg,3599.282,246.777,67.976,67.417,154.338,auto,OA,205,24
33_47,33,47,33-0026.jpg,3599.838,251.948,68.24,67.167,44.546,auto,OA,26,50
383_16,383,16,383-0043.jpg,3601.969,266.354,68.337,67.111,82.581,auto,OA,43,32
33_28,33,28,33-0024.jpg,3602.775,294.568,68.408,67.057,92.117,auto,OA,24,50
7_15,7,15,7-0020.jpg,3604.352,315.941,69.706,65.837,34.877,auto,OA,20,19
88_26,88,26,88-0010.jpg,3605.426,275.247,68.936,66.592,21.478,auto,OA,10,50
383_11,383,11,383-0042.jpg,3606.814,253.008,67.926,67.608,179.378,auto,OA,42,32
44_9,44,9,44-0040.jpg,3607.786,331.043,70.729,64.946,64.674,auto,OA,40,40
33_11,33,11,33-0023.jpg,3607.874,296.222,68.078,67.477,161.038,auto,OA,23,50
44_10,44,10,44-0040.jpg,3608.684,264.847,68.492,67.084,96.719,auto,OA,40,40
44_38,44,38,44-0043.jpg,3609.556,285.794,69.948,65.703,40.853,auto,OA,43,40
383_10,383,10,383-0042.jpg,3610.917,255.891,68.384,67.232,158.939,auto,OA,42,32
44_12,44,12,44-0040.jpg,3611.14,304.295,69.891,65.786,106.236,auto,OA,40,40
383_27,383,27,383-0044.jpg,3614.438,266.317,69.532,66.186,62.804,auto,OA,44,32
88_40,88,40,88-0011.jpg,3618.503,264.935,68.459,67.299,54.513,auto,OA,11,50
383_9,383,9,383-0042.jpg,3619.574,295.606,68.954,66.836,68.469,auto,OA,42,32
33_29,33,29,33-0024.jpg,3620.529,323.039,68.452,67.343,2.181,auto,OA,24,50
33_43,33,43,33-0026.jpg,3622.985,258.563,68.389,67.452,144.144,auto,OA,26,50
44_19,44,19,44-0041.jpg,3625.454,262.684,72.289,63.856,16.782,auto,OA,41,40
383_28,383,28,383-0044.jpg,3627.304,272.442,68.588,67.336,127.05,auto,OA,44,32
88_31,88,31,88-0011.jpg,3630.705,252.873,69.12,66.88,26.726,auto,OA,11,50
383_24,383,24,383-0044.jpg,3632.043,245.516,68.867,67.15,41.141,auto,OA,44,32
44_26,44,26,44-0042.jpg,3632.162,281.234,71.217,64.937,78.501,auto,OA,42,40
88_18,88,18,88-0009.jpg,3632.721,251.635,69.247,66.794,121.037,auto,OA,9,50
33_26,33,26,33-0024.jpg,3635.987,299.222,68.419,67.664,146.036,auto,OA,24,50
44_37,44,37,44-0043.jpg,3636.071,275.899,69.895,66.237,177.45,auto,OA,43,40
33_23,33,23,33-0024.jpg,3636.548,321.947,68.716,67.382,29.926,auto,OA,24,50
88_50,88,50,88-0012.jpg,3638.583,255.781,69.703,66.465,48.522,auto,OA,12,50
383_29,383,29,383-0044.jpg,3638.661,262.255,68.559,67.575,0.709,auto,OA,44,32
88_15,88,15,88-0009.jpg,3639.299,244.87,68.84,67.312,108.491,auto,OA,9,50
33_17,33,17,33-0023.jpg,3639.672,313.123,68.376,67.775,48.884,auto,OA,23,50
7_10,7,10,7-0019.jpg,3639.707,258.122,69.587,66.596,49.537,auto,OA,19,19
88_43,88,43,88-0012.jpg,3639.883,275.849,68.597,67.56,138.817,auto,OA,12,50
88_16,88,16,88-0009.jpg,3640.44,247.927,69.037,67.14,49.63,auto,OA,9,50
88_17,88,17,88-0009.jpg,3644.047,267.863,70.597,65.721,22.044,auto,OA,9,50
33_44,33,44,33-0026.jpg,3648.028,262.372,68.715,67.596,113.231,auto,OA,26,50
33_10,33,10,33-0022.jpg,3648.696,297.681,69.094,67.237,31.971,auto,OA,22,50
33_24,33,24,33-0024.jpg,3651.206,320.336,69.112,67.266,149.447,auto,OA,24,50
33_42,33,42,33-0026.jpg,3653.902,261.296,68.435,67.981,141.678,auto,OA,26,50
88_24,88,24,88-0010.jpg,3655.108,260.157,70.348,66.155,60.243,auto,OA,10,50
383_30,383,30,383-0044.jpg,3655.127,253.304,68.757,67.685,15.95,auto,OA,44,32
7_13,7,13,7-0019.jpg,3657.676,255.001,68.829,67.661,13.601,auto,OA,19,19
33_45,33,45,33-0026.jpg,3660.096,254.84,68.613,67.92,75.699,auto,OA,26,50
43_6,43,6,43-0053.jpg,3660.83,306.154,70.682,65.945,163.64,auto,OA,53,27
88_29,88,29,88-0010.jpg,3661.236,269.068,68.892,67.666,103.52,auto,OA,10,50
33_31,33,31,33-0025.jpg,3662.766,307.23,68.805,67.78,18.772,auto,OA,25,50
33_19,33,19,33-0023.jpg,3664.395,315.85,69.096,67.525,179.067,auto,OA,23,50
33_49,33,49,33-0026.jpg,3666.183,251.713,68.867,67.781,31.615,auto,OA,26,50
43_23,43,23,43-0057.jpg,3666.854,317.276,68.739,67.921,113.098,auto,OA,57,27
383_8,383,8,383-0042.jpg,3667.093,253.202,68.703,67.96,1.093,auto,OA,42,32
383_20,383,20,383-0043.jpg,3668.311,263.461,71.033,65.753,0.565,auto,OA,43,32
44_22,44,22,44-0041.jpg,3670.139,284.974,69.26,67.469,130.647,auto,OA,41,40
24_22,24,22,24-0205.jpg,3670.783,252.918,70.03,66.74,86.012,auto,OA,205,24
383_22,383,22,383-0043.jpg,3673.552,288.67,69.405,67.392,27.387,auto,OA,43,32
88_11,88,11,88-0009.jpg,3674.764,257.347,70.867,66.023,18.759,auto,OA,9,50
24_21,24,21,24-0205.jpg,3675.75,241.467,68.99,67.837,78.562,auto,OA,205,24
383_14,383,14,383-0043.jpg,3676.756,284.4,69.515,67.343,101.331,auto,OA,43,32
30_17,30,17,30-0047.jpg,3677.298,257.397,69.63,67.242,24.903,auto,OA,47,50
33_14,33,14,33-0023.jpg,3677.744,295.132,68.968,67.896,148.7,auto,OA,23,50
383_1,383,1,383-0041.jpg,3679.588,316.775,68.624,68.271,3.88,auto,OA,41,32
7_18,7,18,7-0020.jpg,3681.448,272.745,68.736,68.194,22.978,auto,OA,20,19
383_4,383,4,383-0042.jpg,3683.506,260.437,69.401,67.578,4.194,auto,OA,42,32
44_8,44,8,44-0040.jpg,3684.452,286.829,69.238,67.754,171.726,auto,OA,40,40
44_4,44,4,44-0039.jpg,3689.734,275.101,73.559,63.866,137.663,auto,OA,39,40
44_3,44,3,44-0039.jpg,3691.24,273.741,69.655,67.473,36.871,auto,OA,39,40
33_20,33,20,33-0023.jpg,3692.481,293.33,68.98,68.156,24.715,auto,OA,23,50
33_18,33,18,33-0023.jpg,3694.377,309.155,69.605,67.579,25.861,auto,OA,23,50
88_19,88,19,88-0009.jpg,3695.957,253.936,70.719,66.542,37.587,auto,OA,9,50
44_25,44,25,44-0041.jpg,3696.178,337.632,71.311,65.994,130.698,auto,OA,41,40
44_36,44,36,44-0043.jpg,3696.416,298.246,69.576,67.644,173.356,auto,OA,43,40
7_14,7,14,7-0020.jpg,3696.873,265.789,70.688,66.588,171.41,auto,OA,20,19
33_46,33,46,33-0026.jpg,3705.03,264.531,68.927,68.44,108.648,auto,OA,26,50
88_28,88,28,88-0010.jpg,3706.143,263.286,70.593,66.845,22.325,auto,OA,10,50
33_38,33,38,33-0025.jpg,3706.899,333.045,69.361,68.046,172.028,auto,OA,25,50
88_42,88,42,88-0012.jpg,3708.053,269.136,69.065,68.36,113.17,auto,OA,12,50
383_21,383,21,383-0043.jpg,3710.164,271.514,69.804,67.674,27.447,auto,OA,43,32
383_12,383,12,383-0042.jpg,3711.356,254.296,69.64,67.856,136.425,auto,OA,42,32
88_20,88,20,88-0009.jpg,3711.501,251.309,73.737,64.087,123.931,auto,OA,9,50
44_13,44,13,44-0041.jpg,3719.313,311.114,71.274,66.441,6.073,auto,OA,41,40
7_8,7,8,7-0018.jpg,3719.745,258.994,69.582,68.066,49.094,auto,OA,18,19
44_40,44,40,44-0043.jpg,3720.739,297.127,71.757,66.02,86.483,auto,OA,43,40
30_6,30,6,30-0046.jpg,3722.758,255.602,70.026,67.689,56.947,auto,OA,46,50
33_2,33,2,33-0022.jpg,3722.838,292.158,69.585,68.119,126.812,auto,OA,22,50
43_27,43,27,43-0057.jpg,3722.909,326.993,69.81,67.901,10.996,auto,OA,57,27
24_9,24,9,24-0201.jpg,3723.586,249.986,69.832,67.892,112.722,auto,OA,201,24
30_14,30,14,30-0047.jpg,3724.139,259.105,69.942,67.795,157.238,auto,OA,47,50
44_28,44,28,44-0042.jpg,3724.911,265.927,72.628,65.302,13.576,auto,OA,42,40
43_19,43,19,43-0056.jpg,3725.334,325.647,70.64,67.146,162.35,auto,OA,56,27
24_16,24,16,24-0203.jpg,3725.658,271.059,69.032,68.717,91.331,auto,OA,203,24
33_5,33,5,33-0022.jpg,3725.801,297.79,69.143,68.609,178.392,auto,OA,22,50
383_19,383,19,383-0043.jpg,3726.551,326.969,69.257,68.51,74.66,auto,OA,43,32
24_13,24,13,24-0202.jpg,3726.72,253.413,69.1,68.668,104.21,auto,OA,202,24
24_5,24,5,24-0201.jpg,3727.172,253.269,69.242,68.536,171.725,auto,OA,201,24
33_35,33,35,33-0025.jpg,3728.925,330.714,70.027,67.8,111.226,auto,OA,25,50
7_11,7,11,7-0019.jpg,3731.406,267.275,70.223,67.655,126.839,auto,OA,19,19
43_22,43,22,43-0057.jpg,3734.61,328.25,69.814,68.111,163.581,auto,OA,57,27
24_12,24,12,24-0202.jpg,3734.954,251.02,69.347,68.575,11.217,auto,OA,202,24
44_14,44,14,44-0041.jpg,3737.878,312.778,70.565,67.444,93.784,auto,OA,41,40
30_46,30,46,30-0050.jpg,3738.133,290.752,69.504,68.479,96.261,auto,OA,50,50
383_5,383,5,383-0042.jpg,3742.938,259.852,69.083,68.985,44.27,auto,OA,42,32
88_23,88,23,88-0010.jpg,3744.843,280.659,71.834,66.376,176.801,auto,OA,10,50
43_3,43,3,43-0053.jpg,3745.245,330.127,70.082,68.043,6.096,auto,OA,53,27
83_19,83,19,83-0173.jpg,3747.785,324.491,69.831,68.334,31.864,auto,OA,173,24
24_14,24,14,24-0202.jpg,3751.74,241.681,69.283,68.947,128.581,auto,OA,202,24
24_1,24,1,24-0201.jpg,3751.979,260.551,70.274,67.979,148.155,auto,OA,201,24
43_10,43,10,43-0054.jpg,3752.629,285.694,69.543,68.706,118.079,auto,OA,54,27
24_3,24,3,24-0201.jpg,3752.989,251.171,70.024,68.241,14.655,auto,OA,201,24
30_22,30,22,30-0048.jpg,3753.215,266.973,69.419,68.839,77.765,auto,OA,48,50
7_17,7,17,7-0020.jpg,3753.827,269.236,70.408,67.883,30.485,auto,OA,20,19
383_6,383,6,383-0042.jpg,3755.91,264.247,69.842,68.471,107.953,auto,OA,42,32
43_25,43,25,43-0057.jpg,3756.094,303.4,70.012,68.308,144.518,auto,OA,57,27
43_20,43,20,43-0056.jpg,3758.36,306.408,70.937,67.458,129.739,auto,OA,56,27
88_25,88,25,88-0010.jpg,3760.812,287.902,71.93,66.571,136.516,auto,OA,10,50
30_9,30,9,30-0046.jpg,3762.907,257.884,69.736,68.703,2.965,auto,OA,46,50
7_7,7,7,7-0018.jpg,3763.845,254.494,71.042,67.457,7.068,auto,OA,18,19
24_19,24,19,24-0205.jpg,3765.446,244.789,69.891,68.597,172.868,auto,OA,205,24
44_30,44,30,44-0042.jpg,3766.479,275.938,69.546,68.956,4.056,auto,OA,42,40
30_1,30,1,30-0046.jpg,3767.076,263.451,70.136,68.387,10.125,auto,OA,46,50
44_17,44,17,44-0041.jpg,3769.464,287.918,78.295,61.299,85.958,auto,OA,41,40
30_13,30,13,30-0047.jpg,3769.917,262.045,69.991,68.58,1.74,auto,OA,47,50
88_21,88,21,88-0010.jpg,3770.547,282.792,72.101,66.584,3.08,auto,OA,10,50
24_24,24,24,24-0205.jpg,3774.582,241.881,70.39,68.276,169.602,auto,OA,205,24
383_13,383,13,383-0042.jpg,3774.812,271.412,70.344,68.325,35.623,auto,OA,42,32
44_7,44,7,44-0040.jpg,3776.99,339.484,69.615,69.08,141.912,auto,OA,40,40
24_6,24,6,24-0201.jpg,3777.106,255.31,70.148,68.557,178.748,auto,OA,201,24
30_20,30,20,30-0047.jpg,3780.831,257.508,70.448,68.333,26.032,auto,OA,47,50
24_17,24,17,24-0203.jpg,3781.807,271.744,70.151,68.64,14.724,auto,OA,203,24
33_48,33,48,33-0026.jpg,3784.244,296.761,69.857,68.973,26.054,auto,OA,26,50
7_19,7,19,7-0020.jpg,3791.063,339.42,70.563,68.406,151.505,auto,OA,20,19
24_10,24,10,24-0202.jpg,3793.653,260.252,70.32,68.69,177.897,auto,OA,202,24
33_12,33,12,33-0023.jpg,3795.004,330.56,69.987,69.04,8.964,auto,OA,23,50
383_7,383,7,383-0042.jpg,3795.778,258.968,70.63,68.426,167.853,auto,OA,42,32
30_10,30,10,30-0046.jpg,3802.977,261.294,70.835,68.358,176.627,auto,OA,46,50
24_15,24,15,24-0203.jpg,3804.888,259.972,70.07,69.138,152.545,auto,OA,203,24
7_12,7,12,7-0019.jpg,3805.666,266.338,70.08,69.142,71.303,auto,OA,19,19
30_4,30,4,30-0046.jpg,3812.828,257.383,70.14,69.213,78.686,auto,OA,46,50
43_21,43,21,43-0057.jpg,3815.001,319.311,70.812,68.595,166.418,auto,OA,57,27
44_6,44,6,44-0040.jpg,3815.891,294.327,72.42,67.088,7.092,auto,OA,40,40
30_39,30,39,30-0049.jpg,3816.041,262.792,70.567,68.853,135.791,auto,OA,49,50
44_16,44,16,44-0041.jpg,3818.109,295.959,71.151,68.324,136.318,auto,OA,41,40
30_41,30,41,30-0050.jpg,3824.75,298.084,70.331,69.241,163.491,auto,OA,50,50
30_8,30,8,30-0046.jpg,3825.627,259.902,70.916,68.686,3.278,auto,OA,46,50
43_26,43,26,43-0057.jpg,3826.276,338.567,71.168,68.454,163.898,auto,OA,57,27
43_5,43,5,43-0053.jpg,3829.154,288.478,70.307,69.345,143.874,auto,OA,53,27
44_35,44,35,44-0043.jpg,3829.465,293.798,72.289,67.449,169.469,auto,OA,43,40
43_9,43,9,43-0054.jpg,3829.821,330.777,69.997,69.664,157.487,auto,OA,54,27
7_9,7,9,7-0018.jpg,3831.427,280.231,70.975,68.733,54.976,auto,OA,18,19
33_27,33,27,33-0024.jpg,3838.362,314.209,70.519,69.303,156.236,auto,OA,24,50
44_32,44,32,44-0043.jpg,3842.828,302.055,75.025,65.216,96.736,auto,OA,43,40
43_8,43,8,43-0054.jpg,3845.84,298.106,70.616,69.343,158.778,auto,OA,54,27
24_23,24,23,24-0205.jpg,3847.73,241.15,70.137,69.85,12.554,auto,OA,205,24
30_35,30,35,30-0049.jpg,3854.544,267.425,70.872,69.248,153.187,auto,OA,49,50
43_17,43,17,43-0056.jpg,3854.743,281.426,70.304,69.811,32.759,auto,OA,56,27
30_25,30,25,30-0048.jpg,3858.872,276.692,70.394,69.796,168.104,auto,OA,48,50
30_16,30,16,30-0047.jpg,3859.297,262.681,70.734,69.469,140.105,auto,OA,47,50
30_28,30,28,30-0048.jpg,3864.368,269.92,71.458,68.856,30.488,auto,OA,48,50
7_2,7,2,7-0015.jpg,3864.683,330.391,70.693,69.607,6.358,auto,OA,15,19
30_15,30,15,30-0047.jpg,3865.377,260.267,71.253,69.071,163.48,auto,OA,47,50
43_1,43,1,43-0053.jpg,3866.764,338.857,72.073,68.311,162.376,auto,OA,53,27
43_13,43,13,43-0055.jpg,3866.977,343.535,70.82,69.522,152.709,auto,OA,55,27
33_34,33,34,33-0025.jpg,3869.039,342.922,70.834,69.546,95.973,auto,OA,25,50
30_19,30,19,30-0047.jpg,3872.733,272.3,71.846,68.632,20.922,auto,OA,47,50
24_2,24,2,24-0201.jpg,3873.521,256.298,70.363,70.092,32.969,auto,OA,201,24
30_45,30,45,30-0050.jpg,3875.176,291.104,70.609,69.878,149.856,auto,OA,50,50
30_11,30,11,30-0047.jpg,3876.742,273.551,71.696,68.846,23.813,auto,OA,47,50
383_2,383,2,383-0041.jpg,3879.274,330.992,71.584,69,99.247,auto,OA,41,32
7_16,7,16,7-0020.jpg,3881.172,312.87,71.839,68.788,50.179,auto,OA,20,19
7_4,7,4,7-0015.jpg,3887.012,331.671,72.382,68.374,8.975,auto,OA,15,19
30_29,30,29,30-0048.jpg,3887.709,276.405,71.071,69.648,154.434,auto,OA,48,50
30_33,30,33,30-0049.jpg,3890.364,281.396,71,69.766,36.79,auto,OA,49,50
30_34,30,34,30-0049.jpg,3890.683,276.168,71.146,69.628,155.513,auto,OA,49,50
30_31,30,31,30-0049.jpg,3893.949,302.13,71.374,69.465,38.982,auto,OA,49,50
30_26,30,26,30-0048.jpg,3898.065,272.237,70.583,70.317,125.235,auto,OA,48,50
43_16,43,16,43-0056.jpg,3898.456,312.335,70.946,69.964,114.333,auto,OA,56,27
43_24,43,24,43-0057.jpg,3904.774,332.769,71.505,69.529,19.203,auto,OA,57,27
30_23,30,23,30-0048.jpg,3908.155,273.021,71.698,69.402,128.843,auto,OA,48,50
30_30,30,30,30-0048.jpg,3909.828,268.721,71.329,69.791,175.637,auto,OA,48,50
30_42,30,42,30-0050.jpg,3909.828,291.036,71.581,69.546,32.51,auto,OA,50,50
43_2,43,2,43-0053.jpg,3909.918,335.414,72.011,69.132,162.342,auto,OA,53,27
30_12,30,12,30-0047.jpg,3910.545,284.003,72.487,68.689,161.696,auto,OA,47,50
30_24,30,24,30-0048.jpg,3919.626,263.931,72.203,69.12,159.81,auto,OA,48,50
44_20,44,20,44-0041.jpg,3920.867,293.749,79.929,62.458,163.673,auto,OA,41,40
30_21,30,21,30-0048.jpg,3921.937,270.996,71.494,69.846,30.405,auto,OA,48,50
30_18,30,18,30-0047.jpg,3923.424,265.623,71.59,69.778,22.806,auto,OA,47,50
43_11,43,11,43-0054.jpg,3929.029,292.644,72.353,69.141,168.483,auto,OA,54,27
30_44,30,44,30-0050.jpg,3929.318,295.407,71.003,70.461,143.674,auto,OA,50,50
383_3,383,3,383-0041.jpg,3931.241,346.021,71.033,70.466,0.735,auto,OA,41,32
30_3,30,3,30-0046.jpg,3934.496,260.142,72.463,69.133,134.189,auto,OA,46,50
7_6,7,6,7-0017.jpg,3935.061,268.546,71.125,70.443,87.198,auto,OA,17,19
43_4,43,4,43-0053.jpg,3939.078,312.668,71.488,70.157,127.949,auto,OA,53,27
30_2,30,2,30-0046.jpg,3941.214,271.685,71.225,70.454,86.164,auto,OA,46,50
7_5,7,5,7-0017.jpg,3949.92,256.67,71.931,69.917,21.748,auto,OA,17,19
24_11,24,11,24-0202.jpg,3953.84,254.701,71.89,70.026,140.681,auto,OA,202,24
30_32,30,32,30-0049.jpg,3958.209,306.192,72.441,69.571,111.431,auto,OA,49,50
30_50,30,50,30-0050.jpg,3959.828,296.8,71.751,70.268,13.44,auto,OA,50,50
24_18,24,18,24-0203.jpg,3966.509,273.189,71.755,70.382,169.28,auto,OA,203,24
7_1,7,1,7-0015.jpg,3967.935,352.252,71.773,70.391,6.257,auto,OA,15,19
43_12,43,12,43-0054.jpg,3968.718,341.159,72.453,69.744,169.351,auto,OA,54,27
30_7,30,7,30-0046.jpg,3977.699,264.01,71.325,71.006,101.093,auto,OA,46,50
30_38,30,38,30-0049.jpg,3985.984,275.638,74.01,68.573,26.058,auto,OA,49,50
30_36,30,36,30-0049.jpg,3987.869,306.558,72.363,70.167,2.083,auto,OA,49,50
43_18,43,18,43-0056.jpg,3991.988,351.061,71.962,70.632,37.072,auto,OA,56,27
30_49,30,49,30-0050.jpg,3994.136,319.209,71.915,70.715,53.516,auto,OA,50,50
30_37,30,37,30-0049.jpg,3995.702,271.098,71.573,71.081,12.354,auto,OA,49,50
24_7,24,7,24-0201.jpg,3995.779,264.285,72.051,70.611,6.414,auto,OA,201,24
30_47,30,47,30-0050.jpg,4009.457,300.622,72.831,70.094,152.008,auto,OA,50,50
24_4,24,4,24-0201.jpg,4018.701,261.003,72.408,70.666,86.698,auto,OA,201,24
30_48,30,48,30-0050.jpg,4023.079,319.116,72.525,70.629,0.551,auto,OA,50,50
30_43,30,43,30-0050.jpg,4042.808,292.619,73.659,69.883,19.851,auto,OA,50,50
43_14,43,14,43-0055.jpg,4047.189,339.435,73.856,69.771,138.503,auto,OA,55,27
43_15,43,15,43-0055.jpg,4091.996,341.499,73.88,70.521,11.783,auto,OA,55,27
30_27,30,27,30-0048.jpg,4105.236,284.783,74.589,70.077,58.155,auto,OA,48,50